Date,Year,Month_Num,Month,Quarter,Department,Region,Revenue,COGS,Operating_Expenses,Budget,Marketing_Spend,Headcount,Gross_Profit,Net_Profit,Profit_Margin,Variance,Variance_Pct,Prior_Year_Revenue,Revenue_YoY_Growth
2023-05-01,2023,5,May,Q2,Engineering,APAC,158956,42477,22609,186035,21893,464,116479,93870,59.05,-27079,-14.56,0.0,0.0
2023-07-01,2023,7,July,Q3,Engineering,APAC,95207,63928,41984,141901,18781,257,31279,-10705,-11.24,-46694,-32.91,0.0,0.0
2024-03-01,2024,3,March,Q1,Engineering,APAC,123724,42134,33091,124527,27911,179,81590,48499,39.2,-803,-0.64,0.0,0.0
2024-05-01,2024,5,May,Q2,Engineering,APAC,157240,52473,27717,241743,34762,260,104767,77050,49.0,-84503,-34.96,0.0,0.0
2024-06-01,2024,6,June,Q2,Engineering,APAC,141639,42294,28162,100762,40586,402,99345,71183,50.26,40877,40.57,0.0,0.0
2024-07-01,2024,7,July,Q3,Engineering,APAC,145162,51388,32893,158130,26816,286,93774,60881,41.94,-12968,-8.2,0.0,0.0
2024-12-01,2024,12,December,Q4,Engineering,APAC,87498,36037,47992,128010,28845,413,51461,3469,3.96,-40512,-31.65,0.0,0.0
2024-12-01,2024,12,December,Q4,Engineering,APAC,167152,74935,15000,135169,20359,411,92217,77217,46.2,31983,23.66,0.0,0.0
2025-04-01,2025,4,April,Q2,Engineering,APAC,149085,33622,39337,211010,29674,322,115463,76126,51.06,-61925,-29.35,0.0,0.0
2025-07-01,2025,7,July,Q3,Engineering,APAC,80000,44646,15000,131592,29366,224,35354,20354,25.44,-51592,-39.21,0.0,0.0
2025-07-01,2025,7,July,Q3,Engineering,APAC,139618,65721,40470,176143,32499,254,73897,33427,23.94,-36525,-20.74,0.0,0.0
2025-08-01,2025,8,August,Q3,Engineering,APAC,107852,36299,17398,218770,34168,351,71553,54155,50.21,-110918,-50.7,0.0,0.0
2025-09-01,2025,9,September,Q3,Engineering,APAC,214491,24920,30532,203235,10000,409,189571,159039,74.15,11256,5.54,158956.0,34.94
2025-10-01,2025,10,October,Q4,Engineering,APAC,125529,40815,15120,213732,22477,184,84714,69594,55.44,-88203,-41.27,95207.0,31.85
2025-12-01,2025,12,December,Q4,Engineering,APAC,214488,53332,42663,182164,32610,460,161156,118493,55.24,32324,17.74,123724.0,73.36
2023-01-01,2023,1,January,Q1,Engineering,Asia,169827,49306,39675,195239,31008,428,120521,80846,47.6,-25412,-13.02,0.0,0.0
2023-03-01,2023,3,March,Q1,Engineering,Asia,240097,41861,37535,135619,23227,438,198236,160701,66.93,104478,77.04,0.0,0.0
2023-03-01,2023,3,March,Q1,Engineering,Asia,247590,49202,32785,186630,21679,87,198388,165603,66.89,60960,32.66,0.0,0.0
2023-03-01,2023,3,March,Q1,Engineering,Asia,205370,32855,27743,169915,30605,197,172515,144772,70.49,35455,20.87,0.0,0.0
2023-06-01,2023,6,June,Q2,Engineering,Asia,93895,61514,35187,184016,34116,421,32381,-2806,-2.99,-90121,-48.97,0.0,0.0
2023-06-01,2023,6,June,Q2,Engineering,Asia,123060,48806,21896,160206,29763,303,74254,52358,42.55,-37146,-23.19,0.0,0.0
2023-07-01,2023,7,July,Q3,Engineering,Asia,215135,48348,31838,155846,16681,139,166787,134949,62.73,59289,38.04,0.0,0.0
2023-09-01,2023,9,September,Q3,Engineering,Asia,106307,62833,40998,188278,25688,122,43474,2476,2.33,-81971,-43.54,0.0,0.0
2023-12-01,2023,12,December,Q4,Engineering,Asia,211230,57376,32529,158554,22949,150,153854,121325,57.44,52676,33.22,0.0,0.0
2023-12-01,2023,12,December,Q4,Engineering,Asia,187372,42985,19446,167864,28357,155,144387,124941,66.68,19508,11.62,0.0,0.0
2024-03-01,2024,3,March,Q1,Engineering,Asia,122891,42558,23906,115124,20810,476,80333,56427,45.92,7767,6.75,0.0,0.0
2024-03-01,2024,3,March,Q1,Engineering,Asia,155461,29967,31712,257904,16362,214,125494,93782,60.33,-102443,-39.72,0.0,0.0
2024-03-01,2024,3,March,Q1,Engineering,Asia,197428,44711,52723,93352,34275,293,152717,99994,50.65,104076,111.49,169827.0,16.25
2024-04-01,2024,4,April,Q2,Engineering,Asia,137092,55730,27705,177851,37073,108,81362,53657,39.14,-40759,-22.92,240097.0,-42.9
2024-04-01,2024,4,April,Q2,Engineering,Asia,80000,67347,31306,124727,12217,442,12653,-18653,-23.32,-44727,-35.86,247590.0,-67.69
2024-05-01,2024,5,May,Q2,Engineering,Asia,196938,48697,15000,144831,24141,64,148241,133241,67.66,52107,35.98,205370.0,-4.11
2024-06-01,2024,6,June,Q2,Engineering,Asia,162353,59810,36695,171190,30450,190,102543,65848,40.56,-8837,-5.16,93895.0,72.91
2024-08-01,2024,8,August,Q3,Engineering,Asia,230243,48988,52672,182744,30168,387,181255,128583,55.85,47499,25.99,123060.0,87.1
2024-10-01,2024,10,October,Q4,Engineering,Asia,155635,43086,15000,188667,19653,329,112549,97549,62.68,-33032,-17.51,215135.0,-27.66
2024-10-01,2024,10,October,Q4,Engineering,Asia,103203,20000,41521,202659,22193,310,83203,41682,40.39,-99456,-49.08,106307.0,-2.92
2024-10-01,2024,10,October,Q4,Engineering,Asia,220890,51064,50268,220841,16311,335,169826,119558,54.13,49,0.02,211230.0,4.57
2024-11-01,2024,11,November,Q4,Engineering,Asia,180643,37437,21437,184842,25819,342,143206,121769,67.41,-4199,-2.27,187372.0,-3.59
2024-11-01,2024,11,November,Q4,Engineering,Asia,179473,38033,41678,148228,10000,279,141440,99762,55.59,31245,21.08,122891.0,46.04
2024-11-01,2024,11,November,Q4,Engineering,Asia,152679,56750,40832,187390,17973,246,95929,55097,36.09,-34711,-18.52,155461.0,-1.79
2025-01-01,2025,1,January,Q1,Engineering,Asia,80000,54988,35707,145771,31766,283,25012,-10695,-13.37,-65771,-45.12,197428.0,-59.48
2025-01-01,2025,1,January,Q1,Engineering,Asia,204995,56684,36883,169611,27286,88,148311,111428,54.36,35384,20.86,137092.0,49.53
2025-01-01,2025,1,January,Q1,Engineering,Asia,111866,55031,15000,170616,12241,76,56835,41835,37.4,-58750,-34.43,80000.0,39.83
2025-02-01,2025,2,February,Q1,Engineering,Asia,186769,52380,33879,133509,12331,308,134389,100510,53.82,53260,39.89,196938.0,-5.16
2025-05-01,2025,5,May,Q2,Engineering,Asia,171869,60528,15000,186831,23151,347,111341,96341,56.05,-14962,-8.01,162353.0,5.86
2025-06-01,2025,6,June,Q2,Engineering,Asia,155055,60264,35495,157207,19005,284,94791,59296,38.24,-2152,-1.37,230243.0,-32.66
2025-06-01,2025,6,June,Q2,Engineering,Asia,227557,49072,40316,164704,23227,212,178485,138169,60.72,62853,38.16,155635.0,46.21
2025-06-01,2025,6,June,Q2,Engineering,Asia,122890,50108,22746,190697,39564,351,72782,50036,40.72,-67807,-35.56,103203.0,19.08
2025-06-01,2025,6,June,Q2,Engineering,Asia,140349,52713,40640,144503,34544,83,87636,46996,33.49,-4154,-2.87,220890.0,-36.46
2025-09-01,2025,9,September,Q3,Engineering,Asia,123836,33210,62379,205331,28091,213,90626,28247,22.81,-81495,-39.69,180643.0,-31.45
2025-10-01,2025,10,October,Q4,Engineering,Asia,125094,37603,55006,201062,25364,392,87491,32485,25.97,-75968,-37.78,179473.0,-30.3
2025-10-01,2025,10,October,Q4,Engineering,Asia,120301,26152,43827,172103,30627,357,94149,50322,41.83,-51802,-30.1,152679.0,-21.21
2023-01-01,2023,1,January,Q1,Engineering,Europe,184802,59297,57451,200849,10000,176,125505,68054,36.83,-16047,-7.99,0.0,0.0
2023-01-01,2023,1,January,Q1,Engineering,Europe,197481,20000,36028,171051,24750,297,177481,141453,71.63,26430,15.45,0.0,0.0
2023-02-01,2023,2,February,Q1,Engineering,Europe,100895,41249,46962,136907,30569,472,59646,12684,12.57,-36012,-26.3,0.0,0.0
2023-02-01,2023,2,February,Q1,Engineering,Europe,138097,42985,39465,181849,42359,214,95112,55647,40.3,-43752,-24.06,0.0,0.0
2023-02-01,2023,2,February,Q1,Engineering,Europe,150623,20062,27491,207147,22454,60,130561,103070,68.43,-56524,-27.29,0.0,0.0
2023-04-01,2023,4,April,Q2,Engineering,Europe,119841,43674,42185,218985,16842,274,76167,33982,28.36,-99144,-45.27,0.0,0.0
2023-04-01,2023,4,April,Q2,Engineering,Europe,82281,41118,26189,122196,36697,356,41163,14974,18.2,-39915,-32.66,0.0,0.0
2023-04-01,2023,4,April,Q2,Engineering,Europe,105856,40567,52469,232872,23103,452,65289,12820,12.11,-127016,-54.54,0.0,0.0
2023-04-01,2023,4,April,Q2,Engineering,Europe,157195,55454,43454,194712,30999,445,101741,58287,37.08,-37517,-19.27,0.0,0.0
2023-04-01,2023,4,April,Q2,Engineering,Europe,187630,51715,24666,226996,19936,340,135915,111249,59.29,-39366,-17.34,0.0,0.0
2023-05-01,2023,5,May,Q2,Engineering,Europe,96638,78469,40558,158068,19362,254,18169,-22389,-23.17,-61430,-38.86,0.0,0.0
2023-06-01,2023,6,June,Q2,Engineering,Europe,161159,52015,45682,136241,20280,265,109144,63462,39.38,24918,18.29,0.0,0.0
2023-06-01,2023,6,June,Q2,Engineering,Europe,235805,46469,41639,144510,25578,352,189336,147697,62.64,91295,63.18,184802.0,27.6
2023-07-01,2023,7,July,Q3,Engineering,Europe,217108,20000,39195,187695,23058,195,197108,157913,72.73,29413,15.67,197481.0,9.94
2023-08-01,2023,8,August,Q3,Engineering,Europe,164962,47921,33386,140877,35175,450,117041,83655,50.71,24085,17.1,100895.0,63.5
2023-08-01,2023,8,August,Q3,Engineering,Europe,172333,30425,39641,148742,29951,207,141908,102267,59.34,23591,15.86,138097.0,24.79
2023-10-01,2023,10,October,Q4,Engineering,Europe,160695,54531,53649,170658,39507,432,106164,52515,32.68,-9963,-5.84,150623.0,6.69
2023-11-01,2023,11,November,Q4,Engineering,Europe,168987,37625,32546,162347,24495,70,131362,98816,58.48,6640,4.09,119841.0,41.01
2023-11-01,2023,11,November,Q4,Engineering,Europe,107395,50886,37340,204223,33778,183,56509,19169,17.85,-96828,-47.41,82281.0,30.52
2023-11-01,2023,11,November,Q4,Engineering,Europe,171187,38860,25348,90000,16278,186,132327,106979,62.49,81187,90.21,105856.0,61.72
2023-12-01,2023,12,December,Q4,Engineering,Europe,167477,50856,20561,171582,24955,304,116621,96060,57.36,-4105,-2.39,157195.0,6.54
2024-01-01,2024,1,January,Q1,Engineering,Europe,112669,42783,25003,242376,42569,331,69886,44883,39.84,-129707,-53.51,187630.0,-39.95
2024-03-01,2024,3,March,Q1,Engineering,Europe,119728,53206,21832,171808,26625,355,66522,44690,37.33,-52080,-30.31,96638.0,23.89
2024-04-01,2024,4,April,Q2,Engineering,Europe,170313,22987,37329,132681,18659,323,147326,109997,64.59,37632,28.36,161159.0,5.68
2024-05-01,2024,5,May,Q2,Engineering,Europe,173454,26136,51660,207869,32204,421,147318,95658,55.15,-34415,-16.56,235805.0,-26.44
2024-07-01,2024,7,July,Q3,Engineering,Europe,132501,52318,50550,186023,30441,448,80183,29633,22.36,-53522,-28.77,217108.0,-38.97
2024-07-01,2024,7,July,Q3,Engineering,Europe,178895,72065,26374,152607,27459,456,106830,80456,44.97,26288,17.23,164962.0,8.45
2024-09-01,2024,9,September,Q3,Engineering,Europe,145130,55961,55968,172550,14139,429,89169,33201,22.88,-27420,-15.89,172333.0,-15.79
2024-10-01,2024,10,October,Q4,Engineering,Europe,216450,63536,43789,137928,35043,377,152914,109125,50.42,78522,56.93,160695.0,34.7
2024-11-01,2024,11,November,Q4,Engineering,Europe,80000,62911,30036,112668,29415,458,17089,-12947,-16.18,-32668,-28.99,168987.0,-52.66
2024-11-01,2024,11,November,Q4,Engineering,Europe,170637,41226,16432,207442,25799,372,129411,112979,66.21,-36805,-17.74,107395.0,58.89
2025-02-01,2025,2,February,Q1,Engineering,Europe,146886,39644,25594,143410,21330,262,107242,81648,55.59,3476,2.42,171187.0,-14.2
2025-03-01,2025,3,March,Q1,Engineering,Europe,167132,68005,38719,187976,34154,232,99127,60408,36.14,-20844,-11.09,167477.0,-0.21
2025-03-01,2025,3,March,Q1,Engineering,Europe,189429,20000,49627,101102,31110,406,169429,119802,63.24,88327,87.36,112669.0,68.13
2025-05-01,2025,5,May,Q2,Engineering,Europe,140442,20000,21058,162911,36145,147,120442,99384,70.77,-22469,-13.79,119728.0,17.3
2025-06-01,2025,6,June,Q2,Engineering,Europe,164025,60709,45161,154181,26675,359,103316,58155,35.45,9844,6.38,170313.0,-3.69
2025-07-01,2025,7,July,Q3,Engineering,Europe,178378,38448,50943,116355,28374,338,139930,88987,49.89,62023,53.3,173454.0,2.84
2025-08-01,2025,8,August,Q3,Engineering,Europe,223527,34641,30008,199736,18288,164,188886,158878,71.08,23791,11.91,132501.0,68.7
2025-08-01,2025,8,August,Q3,Engineering,Europe,152802,52233,21755,228417,17901,444,100569,78814,51.58,-75615,-33.1,178895.0,-14.59
2025-08-01,2025,8,August,Q3,Engineering,Europe,159534,58309,50966,158729,35092,458,101225,50259,31.5,805,0.51,145130.0,9.92
2025-09-01,2025,9,September,Q3,Engineering,Europe,80000,61094,30083,120465,12640,495,18906,-11177,-13.97,-40465,-33.59,216450.0,-63.04
2025-10-01,2025,10,October,Q4,Engineering,Europe,153297,28722,38405,155572,30747,152,124575,86170,56.21,-2275,-1.46,80000.0,91.62
2025-11-01,2025,11,November,Q4,Engineering,Europe,121663,50512,15000,171725,36768,201,71151,56151,46.15,-50062,-29.15,170637.0,-28.7
2025-11-01,2025,11,November,Q4,Engineering,Europe,160685,51301,40295,180888,18630,190,109384,69089,43.0,-20203,-11.17,146886.0,9.39
2025-12-01,2025,12,December,Q4,Engineering,Europe,185801,28036,15000,215172,21136,163,157765,142765,76.84,-29371,-13.65,167132.0,11.17
2023-01-01,2023,1,January,Q1,Engineering,North America,156016,35813,24580,137930,10000,217,120203,95623,61.29,18086,13.11,0.0,0.0
2023-01-01,2023,1,January,Q1,Engineering,North America,158043,44501,38933,172785,38147,280,113542,74609,47.21,-14742,-8.53,0.0,0.0
2023-01-01,2023,1,January,Q1,Engineering,North America,175549,36769,23894,94666,25144,351,138780,114886,65.44,80883,85.44,0.0,0.0
2023-02-01,2023,2,February,Q1,Engineering,North America,163150,51407,32184,159918,30066,316,111743,79559,48.76,3232,2.02,0.0,0.0
2023-02-01,2023,2,February,Q1,Engineering,North America,140233,60008,66449,127754,24367,265,80225,13776,9.82,12479,9.77,0.0,0.0
2023-03-01,2023,3,March,Q1,Engineering,North America,213780,28635,25399,231641,37788,179,185145,159746,74.72,-17861,-7.71,0.0,0.0
2023-03-01,2023,3,March,Q1,Engineering,North America,110344,28414,49849,128634,31897,76,81930,32081,29.07,-18290,-14.22,0.0,0.0
2023-03-01,2023,3,March,Q1,Engineering,North America,190902,44603,27507,208635,32459,366,146299,118792,62.23,-17733,-8.5,0.0,0.0
2023-05-01,2023,5,May,Q2,Engineering,North America,121920,20000,30553,151594,31876,261,101920,71367,58.54,-29674,-19.57,0.0,0.0
2023-05-01,2023,5,May,Q2,Engineering,North America,123483,40709,18133,176221,25638,65,82774,64641,52.35,-52738,-29.93,0.0,0.0
2023-06-01,2023,6,June,Q2,Engineering,North America,144807,39455,18594,150261,26944,237,105352,86758,59.91,-5454,-3.63,0.0,0.0
2023-07-01,2023,7,July,Q3,Engineering,North America,146468,31414,38125,167410,37470,218,115054,76929,52.52,-20942,-12.51,0.0,0.0
2023-07-01,2023,7,July,Q3,Engineering,North America,134834,44176,43149,187200,20138,109,90658,47509,35.24,-52366,-27.97,156016.0,-13.58
2023-08-01,2023,8,August,Q3,Engineering,North America,147769,51105,50947,151374,25033,325,96664,45717,30.94,-3605,-2.38,158043.0,-6.5
2023-08-01,2023,8,August,Q3,Engineering,North America,113173,57935,47284,184637,27493,408,55238,7954,7.03,-71464,-38.71,175549.0,-35.53
2023-08-01,2023,8,August,Q3,Engineering,North America,145550,55876,36738,178839,28107,200,89674,52936,36.37,-33289,-18.61,163150.0,-10.79
2023-09-01,2023,9,September,Q3,Engineering,North America,155668,61052,15000,201116,23262,238,94616,79616,51.14,-45448,-22.6,140233.0,11.01
2023-09-01,2023,9,September,Q3,Engineering,North America,242773,44602,42506,190081,29212,487,198171,155665,64.12,52692,27.72,213780.0,13.56
2023-09-01,2023,9,September,Q3,Engineering,North America,143901,42832,28931,148505,28838,169,101069,72138,50.13,-4604,-3.1,110344.0,30.41
2023-09-01,2023,9,September,Q3,Engineering,North America,188268,40380,52779,225601,10309,83,147888,95109,50.52,-37333,-16.55,190902.0,-1.38
2023-09-01,2023,9,September,Q3,Engineering,North America,170319,32743,51097,141826,23028,379,137576,86479,50.77,28493,20.09,121920.0,39.7
2023-10-01,2023,10,October,Q4,Engineering,North America,80000,59063,29176,155523,19304,393,20937,-8239,-10.3,-75523,-48.56,123483.0,-35.21
2023-10-01,2023,10,October,Q4,Engineering,North America,138389,20000,39108,156829,27455,271,118389,79281,57.29,-18440,-11.76,144807.0,-4.43
2023-11-01,2023,11,November,Q4,Engineering,North America,172312,52582,33189,132878,10000,322,119730,86541,50.22,39434,29.68,146468.0,17.64
2023-11-01,2023,11,November,Q4,Engineering,North America,150414,60903,34112,144904,10000,337,89511,55399,36.83,5510,3.8,134834.0,11.55
2023-11-01,2023,11,November,Q4,Engineering,North America,137791,37365,25900,96302,12474,332,100426,74526,54.09,41489,43.08,147769.0,-6.75
2023-11-01,2023,11,November,Q4,Engineering,North America,169460,47285,27421,167753,17242,486,122175,94754,55.92,1707,1.02,113173.0,49.74
2023-12-01,2023,12,December,Q4,Engineering,North America,209629,40444,16416,151263,10125,275,169185,152769,72.88,58366,38.59,145550.0,44.03
2023-12-01,2023,12,December,Q4,Engineering,North America,90604,36258,30776,121963,29159,364,54346,23570,26.01,-31359,-25.71,155668.0,-41.8
2024-01-01,2024,1,January,Q1,Engineering,North America,171658,46329,30044,229921,20113,469,125329,95285,55.51,-58263,-25.34,242773.0,-29.29
2024-01-01,2024,1,January,Q1,Engineering,North America,154783,23342,39197,136201,20280,165,131441,92244,59.6,18582,13.64,143901.0,7.56
2024-02-01,2024,2,February,Q1,Engineering,North America,143082,49901,33598,222410,33602,369,93181,59583,41.64,-79328,-35.67,188268.0,-24.0
2024-03-01,2024,3,March,Q1,Engineering,North America,198016,20000,61625,166040,24455,413,178016,116391,58.78,31976,19.26,170319.0,16.26
2024-03-01,2024,3,March,Q1,Engineering,North America,210053,61714,24952,207601,26485,328,148339,123387,58.74,2452,1.18,80000.0,162.57
2024-04-01,2024,4,April,Q2,Engineering,North America,171531,47471,28625,244366,21611,488,124060,95435,55.64,-72835,-29.81,138389.0,23.95
2024-04-01,2024,4,April,Q2,Engineering,North America,232248,20986,24936,145650,19959,444,211262,186326,80.23,86598,59.46,172312.0,34.78
2024-05-01,2024,5,May,Q2,Engineering,North America,214293,40234,26986,205249,34023,330,174059,147073,68.63,9044,4.41,150414.0,42.47
2024-05-01,2024,5,May,Q2,Engineering,North America,98126,62102,40492,170023,16386,97,36024,-4468,-4.55,-71897,-42.29,137791.0,-28.79
2024-06-01,2024,6,June,Q2,Engineering,North America,80000,76343,70000,195712,19835,170,3657,-66343,-82.93,-115712,-59.12,169460.0,-52.79
2024-06-01,2024,6,June,Q2,Engineering,North America,101028,39638,29909,182301,26535,195,61390,31481,31.16,-81273,-44.58,209629.0,-51.81
2024-06-01,2024,6,June,Q2,Engineering,North America,126779,20000,16793,236421,19768,290,106779,89986,70.98,-109642,-46.38,90604.0,39.93
2024-07-01,2024,7,July,Q3,Engineering,North America,166781,45287,43023,182952,22407,371,121494,78471,47.05,-16171,-8.84,171658.0,-2.84
2024-07-01,2024,7,July,Q3,Engineering,North America,219078,55796,32663,135351,27212,386,163282,130619,59.62,83727,61.86,154783.0,41.54
2024-07-01,2024,7,July,Q3,Engineering,North America,187303,52086,38026,131008,41783,205,135217,97191,51.89,56295,42.97,143082.0,30.91
2024-08-01,2024,8,August,Q3,Engineering,North America,88973,40304,53937,197400,19620,207,48669,-5268,-5.92,-108427,-54.93,198016.0,-55.07
2024-09-01,2024,9,September,Q3,Engineering,North America,175232,30690,32161,164741,17286,456,144542,112381,64.13,10491,6.37,210053.0,-16.58
2024-10-01,2024,10,October,Q4,Engineering,North America,162926,23232,18580,212636,16532,155,139694,121114,74.34,-49710,-23.38,171531.0,-5.02
2024-10-01,2024,10,October,Q4,Engineering,North America,125911,55203,15141,165086,17795,112,70708,55567,44.13,-39175,-23.73,232248.0,-45.79
2024-10-01,2024,10,October,Q4,Engineering,North America,162071,49794,36120,217327,18245,490,112277,76157,46.99,-55256,-25.43,214293.0,-24.37
2024-11-01,2024,11,November,Q4,Engineering,North America,117872,27768,20098,250777,22819,102,90104,70006,59.39,-132905,-53.0,98126.0,20.12
2024-12-01,2024,12,December,Q4,Engineering,North America,85394,51275,16767,153975,15743,444,34119,17352,20.32,-68581,-44.54,80000.0,6.74
2024-12-01,2024,12,December,Q4,Engineering,North America,120616,54756,29586,157029,12587,372,65860,36274,30.07,-36413,-23.19,101028.0,19.39
2024-12-01,2024,12,December,Q4,Engineering,North America,158022,60779,49403,144986,34508,456,97243,47840,30.27,13036,8.99,126779.0,24.64
2025-02-01,2025,2,February,Q1,Engineering,North America,123274,37109,28648,128971,28303,406,86165,57517,46.66,-5697,-4.42,166781.0,-26.09
2025-02-01,2025,2,February,Q1,Engineering,North America,201240,32058,35220,139016,27124,253,169182,133962,66.57,62224,44.76,219078.0,-8.14
2025-04-01,2025,4,April,Q2,Engineering,North America,173185,42661,15000,135214,26344,402,130524,115524,66.71,37971,28.08,187303.0,-7.54
2025-04-01,2025,4,April,Q2,Engineering,North America,163539,61760,24633,125742,30939,176,101779,77146,47.17,37797,30.06,88973.0,83.81
2025-04-01,2025,4,April,Q2,Engineering,North America,201879,45491,26244,146545,27961,246,156388,130144,64.47,55334,37.76,175232.0,15.21
2025-05-01,2025,5,May,Q2,Engineering,North America,135327,31057,31602,151509,31714,186,104270,72668,53.7,-16182,-10.68,162926.0,-16.94
2025-05-01,2025,5,May,Q2,Engineering,North America,102838,70101,33327,226307,31334,239,32737,-590,-0.57,-123469,-54.56,125911.0,-18.32
2025-06-01,2025,6,June,Q2,Engineering,North America,109986,53272,46418,121147,15584,98,56714,10296,9.36,-11161,-9.21,162071.0,-32.14
2025-06-01,2025,6,June,Q2,Engineering,North America,170556,50860,40681,144660,20468,87,119696,79015,46.33,25896,17.9,117872.0,44.7
2025-06-01,2025,6,June,Q2,Engineering,North America,176902,53580,26508,181183,33172,401,123322,96814,54.73,-4281,-2.36,85394.0,107.16
2025-06-01,2025,6,June,Q2,Engineering,North America,225995,44067,26453,227876,32351,128,181928,155475,68.8,-1881,-0.83,120616.0,87.37
2025-07-01,2025,7,July,Q3,Engineering,North America,144694,61865,33672,174896,21322,285,82829,49157,33.97,-30202,-17.27,158022.0,-8.43
2025-07-01,2025,7,July,Q3,Engineering,North America,145184,29705,30569,175521,26569,210,115479,84910,58.48,-30337,-17.28,123274.0,17.77
2025-07-01,2025,7,July,Q3,Engineering,North America,128586,48379,22537,144122,24935,357,80207,57670,44.85,-15536,-10.78,201240.0,-36.1
2025-07-01,2025,7,July,Q3,Engineering,North America,112582,37455,21147,167757,16262,390,75127,53980,47.95,-55175,-32.89,173185.0,-34.99
2025-08-01,2025,8,August,Q3,Engineering,North America,164691,33243,33840,175006,30490,297,131448,97608,59.27,-10315,-5.89,163539.0,0.7
2025-10-01,2025,10,October,Q4,Engineering,North America,217802,34654,20863,223481,30012,284,183148,162285,74.51,-5679,-2.54,201879.0,7.89
2025-10-01,2025,10,October,Q4,Engineering,North America,157784,66654,53278,196629,29987,245,91130,37852,23.99,-38845,-19.76,135327.0,16.59
2025-10-01,2025,10,October,Q4,Engineering,North America,97199,57198,56381,183590,42239,129,40001,-16380,-16.85,-86391,-47.06,102838.0,-5.48
2025-10-01,2025,10,October,Q4,Engineering,North America,132827,56855,26176,157769,26968,380,75972,49796,37.49,-24942,-15.81,109986.0,20.77
2025-10-01,2025,10,October,Q4,Engineering,North America,93747,53559,22398,183270,36855,274,40188,17790,18.98,-89523,-48.85,170556.0,-45.03
2025-11-01,2025,11,November,Q4,Engineering,North America,80000,52227,29985,188035,30218,411,27773,-2212,-2.76,-108035,-57.45,176902.0,-54.78
2025-11-01,2025,11,November,Q4,Engineering,North America,147573,89778,69420,236165,20388,394,57795,-11625,-7.88,-88592,-37.51,225995.0,-34.7
2025-12-01,2025,12,December,Q4,Engineering,North America,155871,31104,38577,131420,26944,493,124767,86190,55.3,24451,18.61,144694.0,7.72
2025-12-01,2025,12,December,Q4,Engineering,North America,106384,24335,24460,189360,36255,396,82049,57589,54.13,-82976,-43.82,145184.0,-26.72
2023-01-01,2023,1,January,Q1,Engineering,South America,104279,46392,38064,200675,28781,263,57887,19823,19.01,-96396,-48.04,0.0,0.0
2023-02-01,2023,2,February,Q1,Engineering,South America,178046,48904,56103,209806,24295,223,129142,73039,41.02,-31760,-15.14,0.0,0.0
2023-04-01,2023,4,April,Q2,Engineering,South America,141014,28098,43374,225670,27377,143,112916,69542,49.32,-84656,-37.51,0.0,0.0
2023-06-01,2023,6,June,Q2,Engineering,South America,185796,43410,47366,233251,26772,138,142386,95020,51.14,-47455,-20.35,0.0,0.0
2023-08-01,2023,8,August,Q3,Engineering,South America,216902,61861,47981,199425,24552,235,155041,107060,49.36,17477,8.76,0.0,0.0
2023-09-01,2023,9,September,Q3,Engineering,South America,137635,33826,36482,180245,25673,268,103809,67327,48.92,-42610,-23.64,0.0,0.0
2023-11-01,2023,11,November,Q4,Engineering,South America,148998,57106,56065,166801,28166,227,91892,35827,24.05,-17803,-10.67,0.0,0.0
2024-05-01,2024,5,May,Q2,Engineering,South America,176515,28328,15000,141162,24841,220,148187,133187,75.45,35353,25.04,0.0,0.0
2024-07-01,2024,7,July,Q3,Engineering,South America,114500,35377,36176,165669,29731,307,79123,42947,37.51,-51169,-30.89,0.0,0.0
2024-09-01,2024,9,September,Q3,Engineering,South America,153536,20000,32757,165024,26166,370,133536,100779,65.64,-11488,-6.96,0.0,0.0
2024-10-01,2024,10,October,Q4,Engineering,South America,128691,38688,24844,181641,10000,149,90003,65159,50.63,-52950,-29.15,0.0,0.0
2025-03-01,2025,3,March,Q1,Engineering,South America,111795,39460,44301,164248,21660,307,72335,28034,25.08,-52453,-31.94,0.0,0.0
2025-06-01,2025,6,June,Q2,Engineering,South America,96160,31237,52939,131249,20324,344,64923,11984,12.46,-35089,-26.73,104279.0,-7.79
2025-07-01,2025,7,July,Q3,Engineering,South America,194283,53469,45103,121342,20091,322,140814,95711,49.26,72941,60.11,178046.0,9.12
2025-09-01,2025,9,September,Q3,Engineering,South America,157583,55249,45715,190506,33768,266,102334,56619,35.93,-32923,-17.28,141014.0,11.75
2025-09-01,2025,9,September,Q3,Engineering,South America,85921,33500,50346,113595,36112,302,52421,2075,2.42,-27674,-24.36,185796.0,-53.76
2025-11-01,2025,11,November,Q4,Engineering,South America,118158,20000,19940,161617,33846,382,98158,78218,66.2,-43459,-26.89,216902.0,-45.52
2025-02-01,2025,2,February,Q1,Finance,APAC,161950,52509,28333,105909,18558,466,109441,81108,50.08,56041,52.91,0.0,0.0
2025-02-01,2025,2,February,Q1,Finance,APAC,132107,37817,56059,181072,30523,307,94290,38231,28.94,-48965,-27.04,0.0,0.0
2025-12-01,2025,12,December,Q4,Finance,APAC,185873,31219,47697,173034,29215,192,154654,106957,57.54,12839,7.42,0.0,0.0
2023-01-01,2023,1,January,Q1,Finance,Asia,192026,41878,46091,189392,27885,253,150148,104057,54.19,2634,1.39,0.0,0.0
2023-08-01,2023,8,August,Q3,Finance,Asia,159351,42076,44081,162213,19118,128,117275,73194,45.93,-2862,-1.76,0.0,0.0
2024-02-01,2024,2,February,Q1,Finance,Asia,114607,66787,28405,133204,24539,276,47820,19415,16.94,-18597,-13.96,0.0,0.0
2024-08-01,2024,8,August,Q3,Finance,Asia,190962,76495,15326,175617,27362,425,114467,99141,51.92,15345,8.74,0.0,0.0
2024-11-01,2024,11,November,Q4,Finance,Asia,116924,45512,32453,95359,20507,141,71412,38959,33.32,21565,22.61,0.0,0.0
2024-11-01,2024,11,November,Q4,Finance,Asia,140940,28691,23576,205442,20575,472,112249,88673,62.92,-64502,-31.4,0.0,0.0
2024-12-01,2024,12,December,Q4,Finance,Asia,196589,66023,15000,164422,14334,409,130566,115566,58.79,32167,19.56,0.0,0.0
2024-12-01,2024,12,December,Q4,Finance,Asia,157057,54100,37285,93802,31800,107,102957,65672,41.81,63255,67.43,0.0,0.0
2025-01-01,2025,1,January,Q1,Finance,Asia,154906,28624,48908,135862,28365,153,126282,77374,49.95,19044,14.02,0.0,0.0
2025-03-01,2025,3,March,Q1,Finance,Asia,169389,60899,19768,190515,15504,156,108490,88722,52.38,-21126,-11.09,0.0,0.0
2025-07-01,2025,7,July,Q3,Finance,Asia,174614,55345,26664,138838,35493,235,119269,92605,53.03,35776,25.77,0.0,0.0
2025-10-01,2025,10,October,Q4,Finance,Asia,180402,35816,43342,90000,21229,241,144586,101244,56.12,90402,100.45,0.0,0.0
2025-11-01,2025,11,November,Q4,Finance,Asia,143594,53233,22149,246443,28842,289,90361,68212,47.5,-102849,-41.73,192026.0,-25.22
2025-12-01,2025,12,December,Q4,Finance,Asia,167677,51494,58294,97126,23970,319,116183,57889,34.52,70551,72.64,159351.0,5.22
2024-01-01,2024,1,January,Q1,Finance,Europe,141009,58893,37177,151323,25068,322,82116,44939,31.87,-10314,-6.82,0.0,0.0
2024-01-01,2024,1,January,Q1,Finance,Europe,128150,54236,41877,142155,36480,158,73914,32037,25.0,-14005,-9.85,0.0,0.0
2024-01-01,2024,1,January,Q1,Finance,Europe,197862,36741,33854,149637,25201,415,161121,127267,64.32,48225,32.23,0.0,0.0
2024-04-01,2024,4,April,Q2,Finance,Europe,236600,53877,37646,176791,23332,243,182723,145077,61.32,59809,33.83,0.0,0.0
2024-07-01,2024,7,July,Q3,Finance,Europe,118604,47845,43226,184754,28233,149,70759,27533,23.21,-66150,-35.8,0.0,0.0
2024-08-01,2024,8,August,Q3,Finance,Europe,149865,42281,32713,180933,26583,96,107584,74871,49.96,-31068,-17.17,0.0,0.0
2024-09-01,2024,9,September,Q3,Finance,Europe,224163,55294,21724,167069,32542,444,168869,147145,65.64,57094,34.17,0.0,0.0
2024-12-01,2024,12,December,Q4,Finance,Europe,117589,22453,41620,122818,30296,312,95136,53516,45.51,-5229,-4.26,0.0,0.0
2025-03-01,2025,3,March,Q1,Finance,Europe,107298,51129,32017,134444,17817,307,56169,24152,22.51,-27146,-20.19,0.0,0.0
2025-03-01,2025,3,March,Q1,Finance,Europe,168094,61690,21593,175581,41600,275,106404,84811,50.45,-7487,-4.26,0.0,0.0
2025-10-01,2025,10,October,Q4,Finance,Europe,137631,89236,24837,188817,19866,56,48395,23558,17.12,-51186,-27.11,0.0,0.0
2023-01-01,2023,1,January,Q1,Finance,North America,226561,45282,60061,192627,18803,77,181279,121218,53.5,33934,17.62,0.0,0.0
2023-02-01,2023,2,February,Q1,Finance,North America,205028,57162,39669,137172,13610,164,147866,108197,52.77,67856,49.47,0.0,0.0
2023-02-01,2023,2,February,Q1,Finance,North America,143997,56902,34362,177581,10185,269,87095,52733,36.62,-33584,-18.91,0.0,0.0
2023-03-01,2023,3,March,Q1,Finance,North America,189270,20000,49400,209265,24821,229,169270,119870,63.33,-19995,-9.55,0.0,0.0
2023-03-01,2023,3,March,Q1,Finance,North America,80000,59472,15000,176864,26638,390,20528,5528,6.91,-96864,-54.77,0.0,0.0
2023-03-01,2023,3,March,Q1,Finance,North America,84184,36113,20724,179029,27397,304,48071,27347,32.48,-94845,-52.98,0.0,0.0
2023-06-01,2023,6,June,Q2,Finance,North America,102496,49620,20892,245776,12998,221,52876,31984,31.21,-143280,-58.3,0.0,0.0
2023-07-01,2023,7,July,Q3,Finance,North America,126732,52816,31046,176841,32662,65,73916,42870,33.83,-50109,-28.34,0.0,0.0
2023-07-01,2023,7,July,Q3,Finance,North America,119201,42730,16573,174416,39389,319,76471,59898,50.25,-55215,-31.66,0.0,0.0
2023-08-01,2023,8,August,Q3,Finance,North America,171550,35599,59147,184904,28050,230,135951,76804,44.77,-13354,-7.22,0.0,0.0
2023-09-01,2023,9,September,Q3,Finance,North America,80000,45018,47137,166097,22620,245,34982,-12155,-15.19,-86097,-51.84,0.0,0.0
2023-10-01,2023,10,October,Q4,Finance,North America,165543,20886,49770,153282,12657,390,144657,94887,57.32,12261,8.0,0.0,0.0
2023-12-01,2023,12,December,Q4,Finance,North America,155946,24811,29106,187902,25363,480,131135,102029,65.43,-31956,-17.01,226561.0,-31.17
2024-01-01,2024,1,January,Q1,Finance,North America,95324,66341,29526,187508,27212,273,28983,-543,-0.57,-92184,-49.16,205028.0,-53.51
2024-01-01,2024,1,January,Q1,Finance,North America,180366,47959,23879,108832,29035,305,132407,108528,60.17,71534,65.73,143997.0,25.26
2024-01-01,2024,1,January,Q1,Finance,North America,80000,40258,24818,186640,15564,73,39742,14924,18.66,-106640,-57.14,189270.0,-57.73
2024-04-01,2024,4,April,Q2,Finance,North America,192900,45763,40806,216596,14075,99,147137,106331,55.12,-23696,-10.94,80000.0,141.12
2024-06-01,2024,6,June,Q2,Finance,North America,216796,23640,30005,140798,24621,92,193156,163151,75.26,75998,53.98,84184.0,157.53
2024-09-01,2024,9,September,Q3,Finance,North America,198841,46588,25105,130815,28898,283,152253,127148,63.94,68026,52.0,102496.0,94.0
2024-11-01,2024,11,November,Q4,Finance,North America,199077,43777,63940,171380,21137,275,155300,91360,45.89,27697,16.16,126732.0,57.09
2024-12-01,2024,12,December,Q4,Finance,North America,161742,46279,19554,99352,34197,453,115463,95909,59.3,62390,62.8,119201.0,35.69
2025-01-01,2025,1,January,Q1,Finance,North America,174766,57584,30889,173620,21310,421,117182,86293,49.38,1146,0.66,171550.0,1.87
2025-01-01,2025,1,January,Q1,Finance,North America,214987,39193,30964,215622,20376,123,175794,144830,67.37,-635,-0.29,80000.0,168.73
2025-02-01,2025,2,February,Q1,Finance,North America,154530,55482,38809,164738,17329,335,99048,60239,38.98,-10208,-6.2,165543.0,-6.65
2025-03-01,2025,3,March,Q1,Finance,North America,150968,29559,49406,121401,21098,398,121409,72003,47.69,29567,24.35,155946.0,-3.19
2025-04-01,2025,4,April,Q2,Finance,North America,197495,28252,15000,192924,24575,295,169243,154243,78.1,4571,2.37,95324.0,107.18
2025-05-01,2025,5,May,Q2,Finance,North America,162974,40925,30703,121988,26754,301,122049,91346,56.05,40986,33.6,180366.0,-9.64
2025-05-01,2025,5,May,Q2,Finance,North America,197507,65106,43875,198988,20434,488,132401,88526,44.82,-1481,-0.74,80000.0,146.88
2025-10-01,2025,10,October,Q4,Finance,North America,172059,20000,40414,176028,23164,464,152059,111645,64.89,-3969,-2.25,192900.0,-10.8
2025-12-01,2025,12,December,Q4,Finance,North America,123999,40372,49073,130677,29623,273,83627,34554,27.87,-6678,-5.11,216796.0,-42.8
2023-04-01,2023,4,April,Q2,Finance,South America,146066,68979,35983,164786,28589,310,77087,41104,28.14,-18720,-11.36,0.0,0.0
2024-05-01,2024,5,May,Q2,Finance,South America,184418,45313,15000,250627,28957,127,139105,124105,67.3,-66209,-26.42,0.0,0.0
2024-07-01,2024,7,July,Q3,Finance,South America,144639,75364,26228,161741,23007,116,69275,43047,29.76,-17102,-10.57,0.0,0.0
2024-12-01,2024,12,December,Q4,Finance,South America,152467,48753,48846,175882,34302,339,103714,54868,35.99,-23415,-13.31,0.0,0.0
2025-06-01,2025,6,June,Q2,Finance,South America,139643,27776,30062,119839,25113,327,111867,81805,58.58,19804,16.53,0.0,0.0
2023-11-01,2023,11,November,Q4,Marketing,APAC,152265,34579,42554,159423,26949,115,117686,75132,49.34,-7158,-4.49,0.0,0.0
2024-02-01,2024,2,February,Q1,Marketing,APAC,202069,31490,49962,194047,27327,136,170579,120617,59.69,8022,4.13,0.0,0.0
2024-04-01,2024,4,April,Q2,Marketing,APAC,172249,45294,45000,215919,21557,380,126955,81955,47.58,-43670,-20.23,0.0,0.0
2024-08-01,2024,8,August,Q3,Marketing,APAC,200503,44989,46825,154910,26786,465,155514,108689,54.21,45593,29.43,0.0,0.0
2024-08-01,2024,8,August,Q3,Marketing,APAC,127430,58234,24329,185567,16263,393,69196,44867,35.21,-58137,-31.33,0.0,0.0
2025-02-01,2025,2,February,Q1,Marketing,APAC,162923,55433,40105,193264,32049,240,107490,67385,41.36,-30341,-15.7,0.0,0.0
2025-10-01,2025,10,October,Q4,Marketing,APAC,151744,44792,49201,193503,23011,407,106952,57751,38.06,-41759,-21.58,0.0,0.0
2023-03-01,2023,3,March,Q1,Marketing,Asia,137006,32911,29097,251201,19488,478,104095,74998,54.74,-114195,-45.46,0.0,0.0
2023-05-01,2023,5,May,Q2,Marketing,Asia,204565,37918,39775,135709,22555,118,166647,126872,62.02,68856,50.74,0.0,0.0
2023-08-01,2023,8,August,Q3,Marketing,Asia,156774,59296,37991,107839,12848,489,97478,59487,37.94,48935,45.38,0.0,0.0
2023-08-01,2023,8,August,Q3,Marketing,Asia,93451,52696,47541,207237,10000,126,40755,-6786,-7.26,-113786,-54.91,0.0,0.0
2023-09-01,2023,9,September,Q3,Marketing,Asia,199443,51478,53760,208546,26948,338,147965,94205,47.23,-9103,-4.36,0.0,0.0
2023-09-01,2023,9,September,Q3,Marketing,Asia,157681,42553,27891,124909,19801,68,115128,87237,55.32,32772,26.24,0.0,0.0
2023-09-01,2023,9,September,Q3,Marketing,Asia,178324,33113,22293,174934,22850,150,145211,122918,68.93,3390,1.94,0.0,0.0
2023-11-01,2023,11,November,Q4,Marketing,Asia,142521,20000,42472,218522,29569,202,122521,80049,56.17,-76001,-34.78,0.0,0.0
2024-02-01,2024,2,February,Q1,Marketing,Asia,208846,60586,56990,243354,26870,411,148260,91270,43.7,-34508,-14.18,0.0,0.0
2024-04-01,2024,4,April,Q2,Marketing,Asia,116431,48659,43176,127198,30627,167,67772,24596,21.12,-10767,-8.46,0.0,0.0
2024-05-01,2024,5,May,Q2,Marketing,Asia,138927,20352,49747,156131,21283,372,118575,68828,49.54,-17204,-11.02,0.0,0.0
2024-06-01,2024,6,June,Q2,Marketing,Asia,254067,47276,37584,183853,26595,383,206791,169207,66.6,70214,38.19,0.0,0.0
2024-08-01,2024,8,August,Q3,Marketing,Asia,232460,38449,27752,170251,10000,393,194011,166259,71.52,62209,36.54,137006.0,69.67
2024-09-01,2024,9,September,Q3,Marketing,Asia,140940,74646,28652,176254,17965,165,66294,37642,26.71,-35314,-20.04,204565.0,-31.1
2024-10-01,2024,10,October,Q4,Marketing,Asia,130446,42163,15000,214638,29327,255,88283,73283,56.18,-84192,-39.23,156774.0,-16.79
2024-10-01,2024,10,October,Q4,Marketing,Asia,80000,47984,37397,162204,10000,354,32016,-5381,-6.73,-82204,-50.68,93451.0,-14.39
2024-10-01,2024,10,October,Q4,Marketing,Asia,148899,51551,38168,207281,35957,403,97348,59180,39.75,-58382,-28.17,199443.0,-25.34
2024-10-01,2024,10,October,Q4,Marketing,Asia,131716,28934,38464,140707,32566,152,102782,64318,48.83,-8991,-6.39,157681.0,-16.47
2025-01-01,2025,1,January,Q1,Marketing,Asia,116896,53017,28882,220010,25859,353,63879,34997,29.94,-103114,-46.87,178324.0,-34.45
2025-03-01,2025,3,March,Q1,Marketing,Asia,146814,22164,15000,127395,28971,251,124650,109650,74.69,19419,15.24,142521.0,3.01
2025-04-01,2025,4,April,Q2,Marketing,Asia,253582,63537,36723,198377,20592,493,190045,153322,60.46,55205,27.83,208846.0,21.42
2025-05-01,2025,5,May,Q2,Marketing,Asia,149032,47652,27653,145157,38752,330,101380,73727,49.47,3875,2.67,116431.0,28.0
2025-06-01,2025,6,June,Q2,Marketing,Asia,184851,28161,15000,215362,31471,57,156690,141690,76.65,-30511,-14.17,138927.0,33.06
2025-07-01,2025,7,July,Q3,Marketing,Asia,132580,20901,38758,163130,35481,493,111679,72921,55.0,-30550,-18.73,254067.0,-47.82
2025-08-01,2025,8,August,Q3,Marketing,Asia,149223,43992,19194,142002,36535,114,105231,86037,57.66,7221,5.09,232460.0,-35.81
2025-11-01,2025,11,November,Q4,Marketing,Asia,154601,53208,15000,140800,11949,111,101393,86393,55.88,13801,9.8,140940.0,9.69
2025-12-01,2025,12,December,Q4,Marketing,Asia,206437,36528,30463,150812,21127,202,169909,139446,67.55,55625,36.88,130446.0,58.25
2023-02-01,2023,2,February,Q1,Marketing,Europe,147434,59541,45301,148029,21093,134,87893,42592,28.89,-595,-0.4,0.0,0.0
2023-03-01,2023,3,March,Q1,Marketing,Europe,97076,56694,35696,134483,10000,408,40382,4686,4.83,-37407,-27.82,0.0,0.0
2023-06-01,2023,6,June,Q2,Marketing,Europe,175351,49036,42166,177440,35808,433,126315,84149,47.99,-2089,-1.18,0.0,0.0
2023-07-01,2023,7,July,Q3,Marketing,Europe,101042,46343,38793,90000,16235,200,54699,15906,15.74,11042,12.27,0.0,0.0
2023-10-01,2023,10,October,Q4,Marketing,Europe,189681,49160,40559,236405,20926,56,140521,99962,52.7,-46724,-19.76,0.0,0.0
2023-11-01,2023,11,November,Q4,Marketing,Europe,205608,52145,29410,171829,35272,277,153463,124053,60.33,33779,19.66,0.0,0.0
2023-11-01,2023,11,November,Q4,Marketing,Europe,97526,86394,29580,125039,21032,346,11132,-18448,-18.92,-27513,-22.0,0.0,0.0
2023-12-01,2023,12,December,Q4,Marketing,Europe,137901,58115,32102,168316,21145,170,79786,47684,34.58,-30415,-18.07,0.0,0.0
2023-12-01,2023,12,December,Q4,Marketing,Europe,134472,48938,34258,163589,27595,447,85534,51276,38.13,-29117,-17.8,0.0,0.0
2024-02-01,2024,2,February,Q1,Marketing,Europe,85457,27917,31145,126633,16266,231,57540,26395,30.89,-41176,-32.52,0.0,0.0
2024-02-01,2024,2,February,Q1,Marketing,Europe,141627,43863,44769,225805,33283,135,97764,52995,37.42,-84178,-37.28,0.0,0.0
2024-02-01,2024,2,February,Q1,Marketing,Europe,212460,54575,34255,221328,10000,452,157885,123630,58.19,-8868,-4.01,0.0,0.0
2024-05-01,2024,5,May,Q2,Marketing,Europe,126676,48460,27984,118219,28067,489,78216,50232,39.65,8457,7.15,147434.0,-14.08
2024-05-01,2024,5,May,Q2,Marketing,Europe,179395,53365,32752,162038,22307,443,126030,93278,52.0,17357,10.71,97076.0,84.8
2024-05-01,2024,5,May,Q2,Marketing,Europe,123945,29773,29003,142318,33290,198,94172,65169,52.58,-18373,-12.91,175351.0,-29.32
2024-06-01,2024,6,June,Q2,Marketing,Europe,115979,65592,38954,171642,33200,292,50387,11433,9.86,-55663,-32.43,101042.0,14.78
2024-07-01,2024,7,July,Q3,Marketing,Europe,135086,42136,43940,163610,18403,462,92950,49010,36.28,-28524,-17.43,189681.0,-28.78
2024-08-01,2024,8,August,Q3,Marketing,Europe,127952,35286,29402,144517,26409,339,92666,63264,49.44,-16565,-11.46,205608.0,-37.77
2024-09-01,2024,9,September,Q3,Marketing,Europe,225383,31518,39230,256981,24078,428,193865,154635,68.61,-31598,-12.3,97526.0,131.1
2024-09-01,2024,9,September,Q3,Marketing,Europe,211729,25045,28155,179267,21920,259,186684,158529,74.87,32462,18.11,137901.0,53.54
2024-11-01,2024,11,November,Q4,Marketing,Europe,164694,28712,35929,164464,30566,239,135982,100053,60.75,230,0.14,134472.0,22.47
2024-11-01,2024,11,November,Q4,Marketing,Europe,209707,54994,39010,163649,22275,291,154713,115703,55.17,46058,28.14,85457.0,145.39
2024-12-01,2024,12,December,Q4,Marketing,Europe,181770,71083,33876,200030,21040,416,110687,76811,42.26,-18260,-9.13,141627.0,28.34
2025-01-01,2025,1,January,Q1,Marketing,Europe,120879,28497,32520,169220,33431,330,92382,59862,49.52,-48341,-28.57,212460.0,-43.11
2025-02-01,2025,2,February,Q1,Marketing,Europe,185324,22231,31537,142629,20285,333,163093,131556,70.99,42695,29.93,126676.0,46.3
2025-02-01,2025,2,February,Q1,Marketing,Europe,119928,45746,37452,127004,33614,289,74182,36730,30.63,-7076,-5.57,179395.0,-33.15
2025-04-01,2025,4,April,Q2,Marketing,Europe,163031,36775,44116,184706,32561,160,126256,82140,50.38,-21675,-11.73,123945.0,31.53
2025-04-01,2025,4,April,Q2,Marketing,Europe,138183,66727,50353,107241,19899,153,71456,21103,15.27,30942,28.85,115979.0,19.14
2025-04-01,2025,4,April,Q2,Marketing,Europe,129809,31136,41868,187064,24540,313,98673,56805,43.76,-57255,-30.61,135086.0,-3.91
2025-05-01,2025,5,May,Q2,Marketing,Europe,183624,58352,40407,211366,28284,106,125272,84865,46.22,-27742,-13.13,127952.0,43.51
2025-06-01,2025,6,June,Q2,Marketing,Europe,166392,22033,40187,156984,23493,345,144359,104172,62.61,9408,5.99,225383.0,-26.17
2025-07-01,2025,7,July,Q3,Marketing,Europe,157619,57390,36312,178505,35330,58,100229,63917,40.55,-20886,-11.7,211729.0,-25.56
2025-09-01,2025,9,September,Q3,Marketing,Europe,179685,70790,40105,177848,26028,167,108895,68790,38.28,1837,1.03,164694.0,9.1
2025-11-01,2025,11,November,Q4,Marketing,Europe,137237,46288,47089,166746,30542,403,90949,43860,31.96,-29509,-17.7,209707.0,-34.56
2025-12-01,2025,12,December,Q4,Marketing,Europe,141554,26314,49240,189883,26010,219,115240,66000,46.63,-48329,-25.45,181770.0,-22.12
2023-01-01,2023,1,January,Q1,Marketing,North America,142372,55623,15968,162451,11486,478,86749,70781,49.72,-20079,-12.36,0.0,0.0
2023-01-01,2023,1,January,Q1,Marketing,North America,246136,27844,15000,210956,10000,436,218292,203292,82.59,35180,16.68,0.0,0.0
2023-01-01,2023,1,January,Q1,Marketing,North America,147695,46628,35040,174700,22437,125,101067,66027,44.7,-27005,-15.46,0.0,0.0
2023-02-01,2023,2,February,Q1,Marketing,North America,173896,49330,38367,129632,20858,143,124566,86199,49.57,44264,34.15,0.0,0.0
2023-04-01,2023,4,April,Q2,Marketing,North America,110456,53413,40487,187597,32695,62,57043,16556,14.99,-77141,-41.12,0.0,0.0
2023-04-01,2023,4,April,Q2,Marketing,North America,186732,62596,36005,134077,17392,458,124136,88131,47.2,52655,39.27,0.0,0.0
2023-05-01,2023,5,May,Q2,Marketing,North America,111266,47144,29246,165205,33431,327,64122,34876,31.34,-53939,-32.65,0.0,0.0
2023-05-01,2023,5,May,Q2,Marketing,North America,155008,20000,56711,129633,30069,153,135008,78297,50.51,25375,19.57,0.0,0.0
2023-06-01,2023,6,June,Q2,Marketing,North America,219983,74375,45827,174587,21901,381,145608,99781,45.36,45396,26.0,0.0,0.0
2023-06-01,2023,6,June,Q2,Marketing,North America,199909,22455,45254,134158,16744,305,177454,132200,66.13,65751,49.01,0.0,0.0
2023-08-01,2023,8,August,Q3,Marketing,North America,199106,44719,39006,150745,24113,328,154387,115381,57.95,48361,32.08,0.0,0.0
2023-08-01,2023,8,August,Q3,Marketing,North America,113843,52742,35286,218458,24241,495,61101,25815,22.68,-104615,-47.89,0.0,0.0
2023-09-01,2023,9,September,Q3,Marketing,North America,193652,57006,25178,186329,24516,280,136646,111468,57.56,7323,3.93,142372.0,36.02
2023-09-01,2023,9,September,Q3,Marketing,North America,118560,20000,58551,194339,21537,133,98560,40009,33.75,-75779,-38.99,246136.0,-51.83
2023-10-01,2023,10,October,Q4,Marketing,North America,171460,20000,15000,176135,21169,65,151460,136460,79.59,-4675,-2.65,147695.0,16.09
2023-10-01,2023,10,October,Q4,Marketing,North America,149635,63584,21187,174617,19271,340,86051,64864,43.35,-24982,-14.31,173896.0,-13.95
2023-11-01,2023,11,November,Q4,Marketing,North America,147180,37138,45744,157354,17115,141,110042,64298,43.69,-10174,-6.47,110456.0,33.25
2023-11-01,2023,11,November,Q4,Marketing,North America,112426,45003,34596,223556,28952,308,67423,32827,29.2,-111130,-49.71,186732.0,-39.79
2023-12-01,2023,12,December,Q4,Marketing,North America,101612,40081,28802,137640,18145,104,61531,32729,32.21,-36028,-26.18,111266.0,-8.68
2023-12-01,2023,12,December,Q4,Marketing,North America,197625,43451,22495,171791,34428,171,154174,131679,66.63,25834,15.04,155008.0,27.49
2023-12-01,2023,12,December,Q4,Marketing,North America,80000,20000,25760,181304,39950,334,60000,34240,42.8,-101304,-55.88,219983.0,-63.63
2024-01-01,2024,1,January,Q1,Marketing,North America,143658,26689,15000,128914,12655,451,116969,101969,70.98,14744,11.44,199909.0,-28.14
2024-02-01,2024,2,February,Q1,Marketing,North America,132268,38201,45984,105891,28943,186,94067,48083,36.35,26377,24.91,199106.0,-33.57
2024-02-01,2024,2,February,Q1,Marketing,North America,161971,69640,55449,180959,28948,149,92331,36882,22.77,-18988,-10.49,113843.0,42.28
2024-03-01,2024,3,March,Q1,Marketing,North America,189841,45336,37601,203543,18767,263,144505,106904,56.31,-13702,-6.73,193652.0,-1.97
2024-04-01,2024,4,April,Q2,Marketing,North America,152280,46527,26384,140881,16559,462,105753,79369,52.12,11399,8.09,118560.0,28.44
2024-05-01,2024,5,May,Q2,Marketing,North America,162296,42362,27352,207393,25354,230,119934,92582,57.05,-45097,-21.74,171460.0,-5.34
2024-05-01,2024,5,May,Q2,Marketing,North America,161303,35754,24083,210125,33047,124,125549,101466,62.9,-48822,-23.23,149635.0,7.8
2024-06-01,2024,6,June,Q2,Marketing,North America,172620,32472,41099,194249,28784,58,140148,99049,57.38,-21629,-11.13,147180.0,17.28
2024-06-01,2024,6,June,Q2,Marketing,North America,165246,47771,55696,160054,29026,468,117475,61779,37.39,5192,3.24,112426.0,46.98
2024-06-01,2024,6,June,Q2,Marketing,North America,144461,42149,34453,121949,32529,491,102312,67859,46.97,22512,18.46,101612.0,42.17
2024-07-01,2024,7,July,Q3,Marketing,North America,167784,53828,50085,147853,20513,55,113956,63871,38.07,19931,13.48,197625.0,-15.1
2024-08-01,2024,8,August,Q3,Marketing,North America,177855,66294,36022,195598,19509,295,111561,75539,42.47,-17743,-9.07,80000.0,122.32
2024-08-01,2024,8,August,Q3,Marketing,North America,188212,35993,15000,190664,13538,73,152219,137219,72.91,-2452,-1.29,143658.0,31.01
2024-10-01,2024,10,October,Q4,Marketing,North America,105215,58824,38240,164689,32009,269,46391,8151,7.75,-59474,-36.11,132268.0,-20.45
2024-12-01,2024,12,December,Q4,Marketing,North America,128837,66335,29346,90000,36973,272,62502,33156,25.73,38837,43.15,161971.0,-20.46
2025-01-01,2025,1,January,Q1,Marketing,North America,153445,58314,35413,118405,28098,164,95131,59718,38.92,35040,29.59,189841.0,-19.17
2025-01-01,2025,1,January,Q1,Marketing,North America,80000,71928,27101,181518,35270,90,8072,-19029,-23.79,-101518,-55.93,152280.0,-47.47
2025-04-01,2025,4,April,Q2,Marketing,North America,157775,47400,33866,140022,29006,55,110375,76509,48.49,17753,12.68,162296.0,-2.79
2025-04-01,2025,4,April,Q2,Marketing,North America,202703,25109,42002,165669,22573,452,177594,135592,66.89,37034,22.35,161303.0,25.67
2025-04-01,2025,4,April,Q2,Marketing,North America,110027,41543,19482,128833,24196,431,68484,49002,44.54,-18806,-14.6,172620.0,-36.26
2025-05-01,2025,5,May,Q2,Marketing,North America,132735,46040,54864,159139,30243,133,86695,31831,23.98,-26404,-16.59,165246.0,-19.67
2025-07-01,2025,7,July,Q3,Marketing,North America,170524,71243,27721,180559,23272,162,99281,71560,41.96,-10035,-5.56,144461.0,18.04
2025-07-01,2025,7,July,Q3,Marketing,North America,182322,41483,36896,164325,28914,311,140839,103943,57.01,17997,10.95,167784.0,8.66
2025-08-01,2025,8,August,Q3,Marketing,North America,85347,67308,25970,205057,22522,288,18039,-7931,-9.29,-119710,-58.38,177855.0,-52.01
2025-09-01,2025,9,September,Q3,Marketing,North America,144502,41537,43552,166939,29185,255,102965,59413,41.12,-22437,-13.44,188212.0,-23.22
2025-09-01,2025,9,September,Q3,Marketing,North America,236837,39193,25728,203610,13858,340,197644,171916,72.59,33227,16.32,105215.0,125.1
2023-02-01,2023,2,February,Q1,Marketing,South America,168141,58787,34397,181830,26589,499,109354,74957,44.58,-13689,-7.53,0.0,0.0
2023-02-01,2023,2,February,Q1,Marketing,South America,106148,60488,19169,188620,18750,392,45660,26491,24.96,-82472,-43.72,0.0,0.0
2023-04-01,2023,4,April,Q2,Marketing,South America,87179,50544,51925,213050,27548,362,36635,-15290,-17.54,-125871,-59.08,0.0,0.0
2023-04-01,2023,4,April,Q2,Marketing,South America,110414,43390,39917,136235,17066,420,67024,27107,24.55,-25821,-18.95,0.0,0.0
2023-05-01,2023,5,May,Q2,Marketing,South America,86280,20000,55399,149216,21432,487,66280,10881,12.61,-62936,-42.18,0.0,0.0
2023-05-01,2023,5,May,Q2,Marketing,South America,167618,36859,47858,164202,25905,436,130759,82901,49.46,3416,2.08,0.0,0.0
2023-05-01,2023,5,May,Q2,Marketing,South America,154891,28908,24828,107213,38429,210,125983,101155,65.31,47678,44.47,0.0,0.0
2023-10-01,2023,10,October,Q4,Marketing,South America,183539,30901,24442,150378,17270,449,152638,128196,69.85,33161,22.05,0.0,0.0
2023-11-01,2023,11,November,Q4,Marketing,South America,193435,48144,39635,154090,21666,290,145291,105656,54.62,39345,25.53,0.0,0.0
2023-11-01,2023,11,November,Q4,Marketing,South America,80000,61815,44844,151967,19989,471,18185,-26659,-33.32,-71967,-47.36,0.0,0.0
2024-02-01,2024,2,February,Q1,Marketing,South America,179683,27158,34371,218177,24521,482,152525,118154,65.76,-38494,-17.64,0.0,0.0
2024-03-01,2024,3,March,Q1,Marketing,South America,93127,27287,27933,178017,21338,215,65840,37907,40.7,-84890,-47.69,0.0,0.0
2024-04-01,2024,4,April,Q2,Marketing,South America,168235,55092,21741,181227,13127,461,113143,91402,54.33,-12992,-7.17,168141.0,0.06
2024-08-01,2024,8,August,Q3,Marketing,South America,127925,26243,45429,184281,11062,375,101682,56253,43.97,-56356,-30.58,106148.0,20.52
2024-10-01,2024,10,October,Q4,Marketing,South America,110064,20000,33527,151640,27802,331,90064,56537,51.37,-41576,-27.42,87179.0,26.25
2025-02-01,2025,2,February,Q1,Marketing,South America,132945,45105,20574,97354,10000,443,87840,67266,50.6,35591,36.56,110414.0,20.41
2025-06-01,2025,6,June,Q2,Marketing,South America,157183,25102,31788,163161,31652,185,132081,100293,63.81,-5978,-3.66,86280.0,82.18
2025-08-01,2025,8,August,Q3,Marketing,South America,188012,52495,46703,185026,24867,59,135517,88814,47.24,2986,1.61,167618.0,12.17
2025-09-01,2025,9,September,Q3,Marketing,South America,204946,55823,15000,166785,10000,267,149123,134123,65.44,38161,22.88,154891.0,32.32
2025-11-01,2025,11,November,Q4,Marketing,South America,89451,40297,47704,196909,19404,477,49154,1450,1.62,-107458,-54.57,183539.0,-51.26
2025-12-01,2025,12,December,Q4,Marketing,South America,121233,58776,26453,220655,35180,325,62457,36004,29.7,-99422,-45.06,193435.0,-37.33
2023-07-01,2023,7,July,Q3,Operations,APAC,215564,65616,15000,121490,22018,354,149948,134948,62.6,94074,77.43,0.0,0.0
2024-09-01,2024,9,September,Q3,Operations,APAC,209101,60112,15434,181854,29682,323,148989,133555,63.87,27247,14.98,0.0,0.0
2025-01-01,2025,1,January,Q1,Operations,APAC,232299,35741,37045,241472,31052,127,196558,159513,68.67,-9173,-3.8,0.0,0.0
2025-07-01,2025,7,July,Q3,Operations,APAC,179552,25616,29490,105467,38080,454,153936,124446,69.31,74085,70.24,0.0,0.0
2025-12-01,2025,12,December,Q4,Operations,APAC,114352,40573,36777,176705,23414,281,73779,37002,32.36,-62353,-35.29,0.0,0.0
2023-01-01,2023,1,January,Q1,Operations,Asia,164598,50422,41415,217440,25227,293,114176,72761,44.21,-52842,-24.3,0.0,0.0
2023-01-01,2023,1,January,Q1,Operations,Asia,194221,43071,22833,139840,18092,499,151150,128317,66.07,54381,38.89,0.0,0.0
2023-02-01,2023,2,February,Q1,Operations,Asia,155023,20000,49682,134098,31268,493,135023,85341,55.05,20925,15.6,0.0,0.0
2023-03-01,2023,3,March,Q1,Operations,Asia,80000,41776,29512,185731,13670,276,38224,8712,10.89,-105731,-56.93,0.0,0.0
2023-05-01,2023,5,May,Q2,Operations,Asia,172002,27091,29683,193762,15486,310,144911,115228,66.99,-21760,-11.23,0.0,0.0
2023-07-01,2023,7,July,Q3,Operations,Asia,238420,44229,42507,174867,26854,374,194191,151684,63.62,63553,36.34,0.0,0.0
2023-10-01,2023,10,October,Q4,Operations,Asia,153273,57442,58844,90000,23596,267,95831,36987,24.13,63273,70.3,0.0,0.0
2023-10-01,2023,10,October,Q4,Operations,Asia,151127,72007,37895,155586,43792,61,79120,41225,27.28,-4459,-2.87,0.0,0.0
2023-11-01,2023,11,November,Q4,Operations,Asia,182710,30396,53876,167169,27108,476,152314,98438,53.88,15541,9.3,0.0,0.0
2024-01-01,2024,1,January,Q1,Operations,Asia,149387,45007,37206,187596,10264,236,104380,67174,44.97,-38209,-20.37,0.0,0.0
2024-02-01,2024,2,February,Q1,Operations,Asia,95123,54333,55866,166379,26676,453,40790,-15076,-15.85,-71256,-42.83,0.0,0.0
2024-02-01,2024,2,February,Q1,Operations,Asia,125775,21693,39725,168283,24266,397,104082,64357,51.17,-42508,-25.26,0.0,0.0
2024-02-01,2024,2,February,Q1,Operations,Asia,223040,57268,15000,164387,17897,404,165772,150772,67.6,58653,35.68,164598.0,35.51
2024-05-01,2024,5,May,Q2,Operations,Asia,165987,68708,15000,197374,18899,135,97279,82279,49.57,-31387,-15.9,194221.0,-14.54
2024-07-01,2024,7,July,Q3,Operations,Asia,93265,67261,33605,179053,20794,191,26004,-7601,-8.15,-85788,-47.91,155023.0,-39.84
2024-09-01,2024,9,September,Q3,Operations,Asia,142253,56859,44328,200531,31559,381,85394,41066,28.87,-58278,-29.06,80000.0,77.82
2024-10-01,2024,10,October,Q4,Operations,Asia,86211,50454,36269,158971,29871,358,35757,-512,-0.59,-72760,-45.77,172002.0,-49.88
2025-01-01,2025,1,January,Q1,Operations,Asia,186157,52466,23212,154312,29353,222,133691,110479,59.35,31845,20.64,238420.0,-21.92
2025-03-01,2025,3,March,Q1,Operations,Asia,116145,54255,55430,155565,33462,300,61890,6460,5.56,-39420,-25.34,153273.0,-24.22
2025-03-01,2025,3,March,Q1,Operations,Asia,124258,55253,37427,179001,20287,473,69005,31578,25.41,-54743,-30.58,151127.0,-17.78
2025-03-01,2025,3,March,Q1,Operations,Asia,232500,20000,37808,135232,27786,416,212500,174692,75.14,97268,71.93,182710.0,27.25
2025-05-01,2025,5,May,Q2,Operations,Asia,113851,36799,40894,204261,17829,372,77052,36158,31.76,-90410,-44.26,149387.0,-23.79
2025-10-01,2025,10,October,Q4,Operations,Asia,119913,63670,49995,184986,38322,177,56243,6248,5.21,-65073,-35.18,95123.0,26.06
2023-04-01,2023,4,April,Q2,Operations,Europe,138772,39449,43020,123025,26650,50,99323,56303,40.57,15747,12.8,0.0,0.0
2023-04-01,2023,4,April,Q2,Operations,Europe,205680,39992,44468,161506,27234,97,165688,121220,58.94,44174,27.35,0.0,0.0
2023-05-01,2023,5,May,Q2,Operations,Europe,149214,33183,37287,172750,22095,429,116031,78744,52.77,-23536,-13.62,0.0,0.0
2023-06-01,2023,6,June,Q2,Operations,Europe,121263,38020,41129,220782,24092,88,83243,42114,34.73,-99519,-45.08,0.0,0.0
2023-06-01,2023,6,June,Q2,Operations,Europe,166551,39852,23619,205944,32089,227,126699,103080,61.89,-39393,-19.13,0.0,0.0
2023-06-01,2023,6,June,Q2,Operations,Europe,151752,50656,45178,141432,22646,64,101096,55918,36.85,10320,7.3,0.0,0.0
2023-10-01,2023,10,October,Q4,Operations,Europe,249719,33559,55220,126070,23714,60,216160,160940,64.45,123649,98.08,0.0,0.0
2023-10-01,2023,10,October,Q4,Operations,Europe,123276,45898,39978,229350,27226,129,77378,37400,30.34,-106074,-46.25,0.0,0.0
2023-11-01,2023,11,November,Q4,Operations,Europe,144236,44860,40456,193272,10000,152,99376,58920,40.85,-49036,-25.37,0.0,0.0
2024-01-01,2024,1,January,Q1,Operations,Europe,165672,63058,15000,184853,22221,240,102614,87614,52.88,-19181,-10.38,0.0,0.0
2024-02-01,2024,2,February,Q1,Operations,Europe,130483,31469,45141,220785,22705,496,99014,53873,41.29,-90302,-40.9,0.0,0.0
2024-09-01,2024,9,September,Q3,Operations,Europe,80000,58388,53252,198705,20738,412,21612,-31640,-39.55,-118705,-59.74,0.0,0.0
2024-12-01,2024,12,December,Q4,Operations,Europe,195945,30029,29442,188244,39794,238,165916,136474,69.65,7701,4.09,138772.0,41.2
2025-02-01,2025,2,February,Q1,Operations,Europe,193201,61457,38859,150730,28035,481,131744,92885,48.08,42471,28.18,205680.0,-6.07
2025-03-01,2025,3,March,Q1,Operations,Europe,166943,47150,41636,177423,27752,250,119793,78157,46.82,-10480,-5.91,149214.0,11.88
2025-04-01,2025,4,April,Q2,Operations,Europe,80000,50156,54793,168428,10431,89,29844,-24949,-31.19,-88428,-52.5,121263.0,-34.03
2025-06-01,2025,6,June,Q2,Operations,Europe,175388,41559,33810,169753,24952,268,133829,100019,57.03,5635,3.32,166551.0,5.31
2025-08-01,2025,8,August,Q3,Operations,Europe,218424,52080,41187,183287,24153,418,166344,125157,57.3,35137,19.17,151752.0,43.93
2023-03-01,2023,3,March,Q1,Operations,North America,241637,69233,42436,138357,31127,398,172404,129968,53.79,103280,74.65,0.0,0.0
2023-04-01,2023,4,April,Q2,Operations,North America,180357,53194,42818,201982,19095,465,127163,84345,46.77,-21625,-10.71,0.0,0.0
2023-06-01,2023,6,June,Q2,Operations,North America,162392,39125,24259,211669,18769,186,123267,99008,60.97,-49277,-23.28,0.0,0.0
2023-07-01,2023,7,July,Q3,Operations,North America,188555,61890,41627,200157,23397,368,126665,85038,45.1,-11602,-5.8,0.0,0.0
2023-07-01,2023,7,July,Q3,Operations,North America,117853,36065,22897,239038,38037,329,81788,58891,49.97,-121185,-50.7,0.0,0.0
2023-08-01,2023,8,August,Q3,Operations,North America,121799,33406,42464,124758,32130,142,88393,45929,37.71,-2959,-2.37,0.0,0.0
2023-09-01,2023,9,September,Q3,Operations,North America,137343,55624,18208,166572,19024,466,81719,63511,46.24,-29229,-17.55,0.0,0.0
2023-10-01,2023,10,October,Q4,Operations,North America,162867,26411,45247,128992,22256,418,136456,91209,56.0,33875,26.26,0.0,0.0
2024-01-01,2024,1,January,Q1,Operations,North America,103195,59480,42140,212728,12432,447,43715,1575,1.53,-109533,-51.49,0.0,0.0
2024-02-01,2024,2,February,Q1,Operations,North America,177117,50646,31653,181579,32981,284,126471,94818,53.53,-4462,-2.46,0.0,0.0
2024-03-01,2024,3,March,Q1,Operations,North America,151280,40070,46417,131094,16030,445,111210,64793,42.83,20186,15.4,0.0,0.0
2024-04-01,2024,4,April,Q2,Operations,North America,135401,47600,21772,237212,17207,447,87801,66029,48.77,-101811,-42.92,0.0,0.0
2024-06-01,2024,6,June,Q2,Operations,North America,176927,45101,38447,201312,22461,198,131826,93379,52.78,-24385,-12.11,241637.0,-26.78
2024-07-01,2024,7,July,Q3,Operations,North America,175931,35070,57183,179338,30726,61,140861,83678,47.56,-3407,-1.9,180357.0,-2.45
2024-07-01,2024,7,July,Q3,Operations,North America,158987,30653,36101,141614,20226,271,128334,92233,58.01,17373,12.27,162392.0,-2.1
2024-08-01,2024,8,August,Q3,Operations,North America,157382,38218,46463,141102,26082,311,119164,72701,46.19,16280,11.54,188555.0,-16.53
2024-08-01,2024,8,August,Q3,Operations,North America,198334,44008,32245,96973,41336,278,154326,122081,61.55,101361,104.52,117853.0,68.29
2024-08-01,2024,8,August,Q3,Operations,North America,143192,35259,38888,211745,20140,252,107933,69045,48.22,-68553,-32.38,121799.0,17.56
2024-09-01,2024,9,September,Q3,Operations,North America,210537,45214,46186,172561,17794,248,165323,119137,56.59,37976,22.01,137343.0,53.29
2024-11-01,2024,11,November,Q4,Operations,North America,114880,34864,35864,179835,26813,473,80016,44152,38.43,-64955,-36.12,162867.0,-29.46
2024-11-01,2024,11,November,Q4,Operations,North America,120111,34836,24675,229611,26785,161,85275,60600,50.45,-109500,-47.69,103195.0,16.39
2024-12-01,2024,12,December,Q4,Operations,North America,148574,52837,47460,165728,27309,429,95737,48277,32.49,-17154,-10.35,177117.0,-16.12
2025-02-01,2025,2,February,Q1,Operations,North America,142780,58355,55819,108012,31853,172,84425,28606,20.04,34768,32.19,151280.0,-5.62
2025-02-01,2025,2,February,Q1,Operations,North America,277724,53628,24718,186503,38419,255,224096,199378,71.79,91221,48.91,135401.0,105.11
2025-02-01,2025,2,February,Q1,Operations,North America,92468,51314,31005,158565,14179,71,41154,10149,10.98,-66097,-41.68,176927.0,-47.74
2025-03-01,2025,3,March,Q1,Operations,North America,107504,35561,32769,138752,34441,285,71943,39174,36.44,-31248,-22.52,175931.0,-38.89
2025-05-01,2025,5,May,Q2,Operations,North America,198686,31172,32668,213317,16955,248,167514,134846,67.87,-14631,-6.86,158987.0,24.97
2025-07-01,2025,7,July,Q3,Operations,North America,128561,49413,30320,93135,22238,315,79148,48828,37.98,35426,38.04,157382.0,-18.31
2025-09-01,2025,9,September,Q3,Operations,North America,80000,24284,27588,140427,31702,88,55716,28128,35.16,-60427,-43.03,198334.0,-59.66
2025-10-01,2025,10,October,Q4,Operations,North America,122303,50100,43657,142960,18581,489,72203,28546,23.34,-20657,-14.45,143192.0,-14.59
2025-11-01,2025,11,November,Q4,Operations,North America,162766,24733,44352,160200,18150,104,138033,93681,57.56,2566,1.6,210537.0,-22.69
2025-12-01,2025,12,December,Q4,Operations,North America,156746,81400,42985,178500,29618,417,75346,32361,20.65,-21754,-12.19,114880.0,36.44
2023-06-01,2023,6,June,Q2,Operations,South America,142588,54323,40558,208706,24498,126,88265,47707,33.46,-66118,-31.68,0.0,0.0
2023-10-01,2023,10,October,Q4,Operations,South America,114061,47757,31440,123214,27875,473,66304,34864,30.57,-9153,-7.43,0.0,0.0
2023-12-01,2023,12,December,Q4,Operations,South America,125463,37856,31925,198542,39853,75,87607,55682,44.38,-73079,-36.81,0.0,0.0
2024-03-01,2024,3,March,Q1,Operations,South America,108123,81189,38547,178147,41745,133,26934,-11613,-10.74,-70024,-39.31,0.0,0.0
2024-08-01,2024,8,August,Q3,Operations,South America,252327,54067,29533,189277,20631,420,198260,168727,66.87,63050,33.31,0.0,0.0
2024-10-01,2024,10,October,Q4,Operations,South America,168750,62887,23479,180766,15937,224,105863,82384,48.82,-12016,-6.65,0.0,0.0
2025-02-01,2025,2,February,Q1,Operations,South America,87472,43926,26486,152585,17339,304,43546,17060,19.5,-65113,-42.67,0.0,0.0
2025-04-01,2025,4,April,Q2,Operations,South America,195595,48904,41958,128558,31129,306,146691,104733,53.55,67037,52.15,0.0,0.0
2024-06-01,2024,6,June,Q2,Sales,APAC,150850,51995,39595,155467,21785,200,98855,59260,39.28,-4617,-2.97,0.0,0.0
2024-11-01,2024,11,November,Q4,Sales,APAC,139155,51938,33136,166278,29001,181,87217,54081,38.86,-27123,-16.31,0.0,0.0
2024-12-01,2024,12,December,Q4,Sales,APAC,177724,90000,30337,163647,15748,452,87724,57387,32.29,14077,8.6,0.0,0.0
2023-01-01,2023,1,January,Q1,Sales,Asia,158697,48498,15000,139446,21229,66,110199,95199,59.99,19251,13.81,0.0,0.0
2023-01-01,2023,1,January,Q1,Sales,Asia,104146,29584,30102,222619,29740,207,74562,44460,42.69,-118473,-53.22,0.0,0.0
2023-02-01,2023,2,February,Q1,Sales,Asia,162854,35306,35458,219648,25181,118,127548,92090,56.55,-56794,-25.86,0.0,0.0
2023-02-01,2023,2,February,Q1,Sales,Asia,92397,61900,32564,182658,22921,426,30497,-2067,-2.24,-90261,-49.42,0.0,0.0
2023-03-01,2023,3,March,Q1,Sales,Asia,215680,64654,45181,157348,18524,150,151026,105845,49.08,58332,37.07,0.0,0.0
2023-03-01,2023,3,March,Q1,Sales,Asia,94417,26484,27375,115786,12072,69,67933,40558,42.96,-21369,-18.46,0.0,0.0
2023-04-01,2023,4,April,Q2,Sales,Asia,173790,37892,45764,131774,24165,435,135898,90134,51.86,42016,31.88,0.0,0.0
2023-04-01,2023,4,April,Q2,Sales,Asia,110700,21436,51840,160046,26514,381,89264,37424,33.81,-49346,-30.83,0.0,0.0
2023-05-01,2023,5,May,Q2,Sales,Asia,162791,52512,38735,172700,23840,224,110279,71544,43.95,-9909,-5.74,0.0,0.0
2023-09-01,2023,9,September,Q3,Sales,Asia,198523,50271,39411,249535,32921,465,148252,108841,54.83,-51012,-20.44,0.0,0.0
2023-09-01,2023,9,September,Q3,Sales,Asia,155341,34872,58449,175093,25102,375,120469,62020,39.93,-19752,-11.28,0.0,0.0
2023-12-01,2023,12,December,Q4,Sales,Asia,198750,31993,26041,162529,20695,247,166757,140716,70.8,36221,22.29,0.0,0.0
2023-12-01,2023,12,December,Q4,Sales,Asia,156816,47903,40753,157516,10569,231,108913,68160,43.46,-700,-0.44,158697.0,-1.19
2024-01-01,2024,1,January,Q1,Sales,Asia,126939,35735,34622,185216,12495,491,91204,56582,44.57,-58277,-31.46,104146.0,21.89
2024-01-01,2024,1,January,Q1,Sales,Asia,90843,42908,30684,214783,36626,396,47935,17251,18.99,-123940,-57.7,162854.0,-44.22
2024-02-01,2024,2,February,Q1,Sales,Asia,191596,28922,39424,141565,36395,102,162674,123250,64.33,50031,35.34,92397.0,107.36
2024-03-01,2024,3,March,Q1,Sales,Asia,230535,45613,53754,182134,14131,150,184922,131168,56.9,48401,26.57,215680.0,6.89
2024-03-01,2024,3,March,Q1,Sales,Asia,135387,56112,32079,105597,10000,78,79275,47196,34.86,29790,28.21,94417.0,43.39
2024-03-01,2024,3,March,Q1,Sales,Asia,157387,37301,31401,168870,24189,163,120086,88685,56.35,-11483,-6.8,173790.0,-9.44
2024-04-01,2024,4,April,Q2,Sales,Asia,187113,36395,28841,180043,12782,185,150718,121877,65.14,7070,3.93,110700.0,69.03
2024-04-01,2024,4,April,Q2,Sales,Asia,160743,68235,32233,147660,26010,188,92508,60275,37.5,13083,8.86,162791.0,-1.26
2024-06-01,2024,6,June,Q2,Sales,Asia,173543,68001,44006,136823,25218,386,105542,61536,35.46,36720,26.84,198523.0,-12.58
2024-07-01,2024,7,July,Q3,Sales,Asia,102164,38561,29599,116001,17476,275,63603,34004,33.28,-13837,-11.93,155341.0,-34.23
2024-09-01,2024,9,September,Q3,Sales,Asia,121327,20000,40600,129994,27594,362,101327,60727,50.05,-8667,-6.67,198750.0,-38.95
2024-09-01,2024,9,September,Q3,Sales,Asia,109032,38894,48627,211709,33640,211,70138,21511,19.73,-102677,-48.5,156816.0,-30.47
2024-10-01,2024,10,October,Q4,Sales,Asia,131358,26214,45936,200526,26603,286,105144,59208,45.07,-69168,-34.49,126939.0,3.48
2024-11-01,2024,11,November,Q4,Sales,Asia,141853,37691,42225,123946,10000,176,104162,61937,43.66,17907,14.45,90843.0,56.15
2024-12-01,2024,12,December,Q4,Sales,Asia,168657,32543,27996,197761,35141,289,136114,108118,64.11,-29104,-14.72,191596.0,-11.97
2025-01-01,2025,1,January,Q1,Sales,Asia,124161,51866,27961,141544,18238,168,72295,44334,35.71,-17383,-12.28,230535.0,-46.14
2025-03-01,2025,3,March,Q1,Sales,Asia,184110,39119,43312,215614,24443,311,144991,101679,55.23,-31504,-14.61,135387.0,35.99
2025-04-01,2025,4,April,Q2,Sales,Asia,109738,38798,33445,156081,23249,204,70940,37495,34.17,-46343,-29.69,157387.0,-30.28
2025-04-01,2025,4,April,Q2,Sales,Asia,202684,30543,26517,156003,16678,284,172141,145624,71.85,46681,29.92,187113.0,8.32
2025-05-01,2025,5,May,Q2,Sales,Asia,158046,57445,50819,153797,15166,201,100601,49782,31.5,4249,2.76,160743.0,-1.68
2025-06-01,2025,6,June,Q2,Sales,Asia,169567,62543,15000,142373,17123,470,107024,92024,54.27,27194,19.1,173543.0,-2.29
2025-07-01,2025,7,July,Q3,Sales,Asia,146378,39457,15424,211716,26264,423,106921,91497,62.51,-65338,-30.86,102164.0,43.28
2025-07-01,2025,7,July,Q3,Sales,Asia,163279,43027,20150,203250,22779,270,120252,100102,61.31,-39971,-19.67,121327.0,34.58
2025-07-01,2025,7,July,Q3,Sales,Asia,193439,48952,15000,188770,22970,246,144487,129487,66.94,4669,2.47,109032.0,77.41
2025-08-01,2025,8,August,Q3,Sales,Asia,136027,32522,42298,190389,10000,190,103505,61207,45.0,-54362,-28.55,131358.0,3.55
2025-08-01,2025,8,August,Q3,Sales,Asia,143247,56140,41265,165447,38809,244,87107,45842,32.0,-22200,-13.42,141853.0,0.98
2025-09-01,2025,9,September,Q3,Sales,Asia,170448,49557,16579,117534,19566,102,120891,104312,61.2,52914,45.02,168657.0,1.06
2025-11-01,2025,11,November,Q4,Sales,Asia,158527,43118,19634,149677,31582,281,115409,95775,60.42,8850,5.91,124161.0,27.68
2025-11-01,2025,11,November,Q4,Sales,Asia,119921,49918,37273,148601,17298,282,70003,32730,27.29,-28680,-19.3,184110.0,-34.86
2025-12-01,2025,12,December,Q4,Sales,Asia,153074,26122,35552,227421,13438,250,126952,91400,59.71,-74347,-32.69,109738.0,39.49
2023-01-01,2023,1,January,Q1,Sales,Europe,162105,63985,23050,158445,10000,118,98120,75070,46.31,3660,2.31,0.0,0.0
2023-02-01,2023,2,February,Q1,Sales,Europe,166876,71629,17616,90000,13755,148,95247,77631,46.52,76876,85.42,0.0,0.0
2023-02-01,2023,2,February,Q1,Sales,Europe,188563,34940,21656,132364,20367,464,153623,131967,69.99,56199,42.46,0.0,0.0
2023-02-01,2023,2,February,Q1,Sales,Europe,143077,64565,48157,208528,19570,80,78512,30355,21.22,-65451,-31.39,0.0,0.0
2023-03-01,2023,3,March,Q1,Sales,Europe,172556,51360,15000,149375,47517,74,121196,106196,61.54,23181,15.52,0.0,0.0
2023-04-01,2023,4,April,Q2,Sales,Europe,184136,44783,50298,199216,28146,170,139353,89055,48.36,-15080,-7.57,0.0,0.0
2023-05-01,2023,5,May,Q2,Sales,Europe,154215,70987,38558,151821,29576,408,83228,44670,28.97,2394,1.58,0.0,0.0
2023-05-01,2023,5,May,Q2,Sales,Europe,125945,54570,37367,184991,12699,234,71375,34008,27.0,-59046,-31.92,0.0,0.0
2023-05-01,2023,5,May,Q2,Sales,Europe,171731,48588,27174,122559,10000,249,123143,95969,55.88,49172,40.12,0.0,0.0
2023-05-01,2023,5,May,Q2,Sales,Europe,151954,76111,21924,145184,35489,265,75843,53919,35.48,6770,4.66,0.0,0.0
2023-06-01,2023,6,June,Q2,Sales,Europe,144119,44561,20209,172735,35852,341,99558,79349,55.06,-28616,-16.57,0.0,0.0
2023-07-01,2023,7,July,Q3,Sales,Europe,253188,35193,28533,167351,12756,379,217995,189462,74.83,85837,51.29,0.0,0.0
2023-07-01,2023,7,July,Q3,Sales,Europe,127856,90000,16222,222118,10000,312,37856,21634,16.92,-94262,-42.44,162105.0,-21.13
2023-07-01,2023,7,July,Q3,Sales,Europe,151363,42039,40631,193872,17953,294,109324,68693,45.38,-42509,-21.93,166876.0,-9.3
2023-08-01,2023,8,August,Q3,Sales,Europe,87764,62006,42349,241640,38249,482,25758,-16591,-18.9,-153876,-63.68,188563.0,-53.46
2023-08-01,2023,8,August,Q3,Sales,Europe,163235,53903,22799,146377,23055,338,109332,86533,53.01,16858,11.52,143077.0,14.09
2023-08-01,2023,8,August,Q3,Sales,Europe,183341,20000,32071,155892,25018,202,163341,131270,71.6,27449,17.61,172556.0,6.25
2023-08-01,2023,8,August,Q3,Sales,Europe,80000,54838,34528,239704,33562,326,25162,-9366,-11.71,-159704,-66.63,184136.0,-56.55
2023-08-01,2023,8,August,Q3,Sales,Europe,153040,24305,48091,167297,38106,324,128735,80644,52.69,-14257,-8.52,154215.0,-0.76
2023-10-01,2023,10,October,Q4,Sales,Europe,149757,33462,41754,165532,21126,396,116295,74541,49.77,-15775,-9.53,125945.0,18.91
2023-10-01,2023,10,October,Q4,Sales,Europe,143001,65409,35522,175484,18229,321,77592,42070,29.42,-32483,-18.51,171731.0,-16.73
2023-10-01,2023,10,October,Q4,Sales,Europe,119770,25367,41697,205823,20320,276,94403,52706,44.01,-86053,-41.81,151954.0,-21.18
2023-12-01,2023,12,December,Q4,Sales,Europe,173997,47327,32642,114084,15991,306,126670,94028,54.04,59913,52.52,144119.0,20.73
2023-12-01,2023,12,December,Q4,Sales,Europe,187982,48980,29153,152437,14012,80,139002,109849,58.44,35545,23.32,253188.0,-25.75
2024-01-01,2024,1,January,Q1,Sales,Europe,148907,37377,34032,163072,26314,86,111530,77498,52.04,-14165,-8.69,127856.0,16.46
2024-03-01,2024,3,March,Q1,Sales,Europe,119863,54047,30601,168746,32435,64,65816,35215,29.38,-48883,-28.97,151363.0,-20.81
2024-03-01,2024,3,March,Q1,Sales,Europe,111135,30084,54511,174307,17267,459,81051,26540,23.88,-63172,-36.24,87764.0,26.63
2024-05-01,2024,5,May,Q2,Sales,Europe,141149,43451,41417,213385,23424,413,97698,56281,39.87,-72236,-33.85,163235.0,-13.53
2024-05-01,2024,5,May,Q2,Sales,Europe,182629,69922,40500,191144,11034,472,112707,72207,39.54,-8515,-4.45,183341.0,-0.39
2024-05-01,2024,5,May,Q2,Sales,Europe,128855,32837,28685,142705,20235,237,96018,67333,52.25,-13850,-9.71,80000.0,61.07
2024-06-01,2024,6,June,Q2,Sales,Europe,218088,43860,15000,173898,15770,118,174228,159228,73.01,44190,25.41,153040.0,42.5
2024-06-01,2024,6,June,Q2,Sales,Europe,159630,40202,44218,163731,31037,309,119428,75210,47.12,-4101,-2.5,149757.0,6.59
2024-07-01,2024,7,July,Q3,Sales,Europe,197865,21028,28575,190875,10000,263,176837,148262,74.93,6990,3.66,143001.0,38.37
2024-07-01,2024,7,July,Q3,Sales,Europe,150587,24552,44095,196046,11616,445,126035,81940,54.41,-45459,-23.19,119770.0,25.73
2024-08-01,2024,8,August,Q3,Sales,Europe,117272,56162,42685,183067,19665,217,61110,18425,15.71,-65795,-35.94,173997.0,-32.6
2024-09-01,2024,9,September,Q3,Sales,Europe,193549,46565,31893,140231,31775,333,146984,115091,59.46,53318,38.02,187982.0,2.96
2024-10-01,2024,10,October,Q4,Sales,Europe,80000,67667,34176,199381,24511,185,12333,-21843,-27.3,-119381,-59.88,148907.0,-46.28
2024-11-01,2024,11,November,Q4,Sales,Europe,149145,20000,15000,204845,14144,413,129145,114145,76.53,-55700,-27.19,119863.0,24.43
2024-11-01,2024,11,November,Q4,Sales,Europe,185361,30282,57652,107476,30441,56,155079,97427,52.56,77885,72.47,111135.0,66.79
2025-01-01,2025,1,January,Q1,Sales,Europe,167462,48451,40442,213849,35359,353,119011,78569,46.92,-46387,-21.69,141149.0,18.64
2025-01-01,2025,1,January,Q1,Sales,Europe,109610,51323,40362,101087,29112,330,58287,17925,16.35,8523,8.43,182629.0,-39.98
2025-01-01,2025,1,January,Q1,Sales,Europe,150831,36625,23447,179707,13844,157,114206,90759,60.17,-28876,-16.07,128855.0,17.05
2025-02-01,2025,2,February,Q1,Sales,Europe,138327,40590,18539,205063,28163,196,97737,79198,57.25,-66736,-32.54,218088.0,-36.57
2025-03-01,2025,3,March,Q1,Sales,Europe,191198,24510,54582,161576,17515,270,166688,112106,58.63,29622,18.33,159630.0,19.78
2025-04-01,2025,4,April,Q2,Sales,Europe,156738,39603,47500,156601,26733,286,117135,69635,44.43,137,0.09,197865.0,-20.79
2025-05-01,2025,5,May,Q2,Sales,Europe,113103,35249,20486,120195,17270,136,77854,57368,50.72,-7092,-5.9,150587.0,-24.89
2025-05-01,2025,5,May,Q2,Sales,Europe,166149,34173,29197,148498,16438,291,131976,102779,61.86,17651,11.89,117272.0,41.68
2025-05-01,2025,5,May,Q2,Sales,Europe,131415,25506,15000,208180,31819,479,105909,90909,69.18,-76765,-36.87,193549.0,-32.1
2025-06-01,2025,6,June,Q2,Sales,Europe,131003,68068,34549,187277,22606,225,62935,28386,21.67,-56274,-30.05,80000.0,63.75
2025-06-01,2025,6,June,Q2,Sales,Europe,194387,44347,27766,162453,31272,397,150040,122274,62.9,31934,19.66,149145.0,30.33
2025-08-01,2025,8,August,Q3,Sales,Europe,137872,34263,44312,103219,20901,325,103609,59297,43.01,34653,33.57,185361.0,-25.62
2025-08-01,2025,8,August,Q3,Sales,Europe,145822,46139,46741,150535,21370,282,99683,52942,36.31,-4713,-3.13,167462.0,-12.92
2025-08-01,2025,8,August,Q3,Sales,Europe,170043,45569,45724,120761,19136,226,124474,78750,46.31,49282,40.81,109610.0,55.13
2025-09-01,2025,9,September,Q3,Sales,Europe,177115,80458,43547,177648,20685,167,96657,53110,29.99,-533,-0.3,150831.0,17.43
2025-09-01,2025,9,September,Q3,Sales,Europe,140157,36756,23572,160806,30098,335,103401,79829,56.96,-20649,-12.84,138327.0,1.32
2025-09-01,2025,9,September,Q3,Sales,Europe,116270,57893,26876,158226,37930,317,58377,31501,27.09,-41956,-26.52,191198.0,-39.19
2025-09-01,2025,9,September,Q3,Sales,Europe,142964,44318,44962,186186,24723,382,98646,53684,37.55,-43222,-23.21,156738.0,-8.79
2025-10-01,2025,10,October,Q4,Sales,Europe,148518,40803,28706,123352,17471,71,107715,79009,53.2,25166,20.4,113103.0,31.31
2025-10-01,2025,10,October,Q4,Sales,Europe,146675,59522,44089,213057,22734,107,87153,43064,29.36,-66382,-31.16,166149.0,-11.72
2025-11-01,2025,11,November,Q4,Sales,Europe,176853,41175,57937,189967,16559,139,135678,77741,43.96,-13114,-6.9,131415.0,34.58
2025-12-01,2025,12,December,Q4,Sales,Europe,80000,59637,24427,187718,29081,82,20363,-4064,-5.08,-107718,-57.38,131003.0,-38.93
2025-12-01,2025,12,December,Q4,Sales,Europe,110512,45824,52236,133262,21246,189,64688,12452,11.27,-22750,-17.07,194387.0,-43.15
2025-12-01,2025,12,December,Q4,Sales,Europe,144749,34356,32142,217689,17057,406,110393,78251,54.06,-72940,-33.51,137872.0,4.99
2023-01-01,2023,1,January,Q1,Sales,North America,215337,47397,24255,115347,14065,264,167940,143685,66.73,99990,86.69,0.0,0.0
2023-01-01,2023,1,January,Q1,Sales,North America,119828,32007,42813,162591,19960,442,87821,45008,37.56,-42763,-26.3,0.0,0.0
2023-02-01,2023,2,February,Q1,Sales,North America,214548,27095,31403,214693,17120,396,187453,156050,72.73,-145,-0.07,0.0,0.0
2023-03-01,2023,3,March,Q1,Sales,North America,116121,38837,34237,169989,31417,154,77284,43047,37.07,-53868,-31.69,0.0,0.0
2023-03-01,2023,3,March,Q1,Sales,North America,124441,40379,34486,243011,15790,51,84062,49576,39.84,-118570,-48.79,0.0,0.0
2023-03-01,2023,3,March,Q1,Sales,North America,122473,36567,27719,168113,29135,107,85906,58187,47.51,-45640,-27.15,0.0,0.0
2023-04-01,2023,4,April,Q2,Sales,North America,161247,45096,21347,115899,26450,75,116151,94804,58.79,45348,39.13,0.0,0.0
2023-04-01,2023,4,April,Q2,Sales,North America,154168,38454,32582,225644,28682,218,115714,83132,53.92,-71476,-31.68,0.0,0.0
2023-05-01,2023,5,May,Q2,Sales,North America,172099,35687,46295,95494,10000,358,136412,90117,52.36,76605,80.22,0.0,0.0
2023-05-01,2023,5,May,Q2,Sales,North America,151623,31209,25582,238364,23205,483,120414,94832,62.54,-86741,-36.39,0.0,0.0
2023-06-01,2023,6,June,Q2,Sales,North America,100245,26556,24106,167289,16211,254,73689,49583,49.46,-67044,-40.08,0.0,0.0
2023-06-01,2023,6,June,Q2,Sales,North America,122283,52450,53231,128164,36364,414,69833,16602,13.58,-5881,-4.59,0.0,0.0
2023-06-01,2023,6,June,Q2,Sales,North America,138202,84665,27105,111106,34878,479,53537,26432,19.13,27096,24.39,215337.0,-35.82
2023-06-01,2023,6,June,Q2,Sales,North America,116586,61286,37062,187708,23942,417,55300,18238,15.64,-71122,-37.89,119828.0,-2.71
2023-07-01,2023,7,July,Q3,Sales,North America,127700,20000,26638,114805,34168,263,107700,81062,63.48,12895,11.23,214548.0,-40.48
2023-07-01,2023,7,July,Q3,Sales,North America,172759,60840,36144,249500,21361,53,111919,75775,43.86,-76741,-30.76,116121.0,48.77
2023-07-01,2023,7,July,Q3,Sales,North America,109409,54678,43782,166540,26660,276,54731,10949,10.01,-57131,-34.3,124441.0,-12.08
2023-07-01,2023,7,July,Q3,Sales,North America,124028,53334,39020,185259,27461,78,70694,31674,25.54,-61231,-33.05,122473.0,1.27
2023-08-01,2023,8,August,Q3,Sales,North America,101614,39172,52176,164854,21894,106,62442,10266,10.1,-63240,-38.36,161247.0,-36.98
2023-09-01,2023,9,September,Q3,Sales,North America,120578,35377,30783,185546,20881,287,85201,54418,45.13,-64968,-35.01,154168.0,-21.79
2023-09-01,2023,9,September,Q3,Sales,North America,174365,56314,53388,217117,34022,67,118051,64663,37.08,-42752,-19.69,172099.0,1.32
2023-09-01,2023,9,September,Q3,Sales,North America,165732,31771,45622,125329,21180,66,133961,88339,53.3,40403,32.24,151623.0,9.31
2023-10-01,2023,10,October,Q4,Sales,North America,105865,54888,26090,156430,32891,251,50977,24887,23.51,-50565,-32.32,100245.0,5.61
2023-10-01,2023,10,October,Q4,Sales,North America,146044,42092,28628,241854,28932,494,103952,75324,51.58,-95810,-39.61,122283.0,19.43
2023-10-01,2023,10,October,Q4,Sales,North America,186763,41032,30978,208106,24925,302,145731,114753,61.44,-21343,-10.26,138202.0,35.14
2023-11-01,2023,11,November,Q4,Sales,North America,125619,44616,21432,210375,10000,453,81003,59571,47.42,-84756,-40.29,116586.0,7.75
2023-11-01,2023,11,November,Q4,Sales,North America,152578,32663,38037,134629,25884,366,119915,81878,53.66,17949,13.33,127700.0,19.48
2023-12-01,2023,12,December,Q4,Sales,North America,141462,35128,32878,187366,31382,350,106334,73456,51.93,-45904,-24.5,172759.0,-18.12
2023-12-01,2023,12,December,Q4,Sales,North America,156422,57763,45494,211322,10000,248,98659,53165,33.99,-54900,-25.98,109409.0,42.97
2024-01-01,2024,1,January,Q1,Sales,North America,80000,63541,28310,139312,35844,281,16459,-11851,-14.81,-59312,-42.57,124028.0,-35.5
2024-01-01,2024,1,January,Q1,Sales,North America,173171,54018,67316,90000,32136,337,119153,51837,29.93,83171,92.41,101614.0,70.42
2024-01-01,2024,1,January,Q1,Sales,North America,111077,20000,22951,227020,30589,387,91077,68126,61.33,-115943,-51.07,120578.0,-7.88
2024-02-01,2024,2,February,Q1,Sales,North America,218468,49507,27373,235019,26685,377,168961,141588,64.81,-16551,-7.04,174365.0,25.29
2024-02-01,2024,2,February,Q1,Sales,North America,123237,55057,40784,193763,18311,463,68180,27396,22.23,-70526,-36.4,165732.0,-25.64
2024-02-01,2024,2,February,Q1,Sales,North America,236292,31955,34413,200779,31076,316,204337,169924,71.91,35513,17.69,105865.0,123.2
2024-02-01,2024,2,February,Q1,Sales,North America,125771,61881,18137,132291,22665,336,63890,45753,36.38,-6520,-4.93,146044.0,-13.88
2024-03-01,2024,3,March,Q1,Sales,North America,96114,41571,57849,192419,20212,156,54543,-3306,-3.44,-96305,-50.05,186763.0,-48.54
2024-03-01,2024,3,March,Q1,Sales,North America,171466,56769,16800,143513,12904,320,114697,97897,57.09,27953,19.48,125619.0,36.5
2024-04-01,2024,4,April,Q2,Sales,North America,139966,55772,28530,201640,29844,139,84194,55664,39.77,-61674,-30.59,152578.0,-8.27
2024-04-01,2024,4,April,Q2,Sales,North America,211138,26413,49156,141461,17122,278,184725,135569,64.21,69677,49.26,141462.0,49.25
2024-04-01,2024,4,April,Q2,Sales,North America,108207,41651,39903,172493,14541,251,66556,26653,24.63,-64286,-37.27,156422.0,-30.82
2024-04-01,2024,4,April,Q2,Sales,North America,105871,32572,24359,137865,30855,240,73299,48940,46.23,-31994,-23.21,80000.0,32.34
2024-05-01,2024,5,May,Q2,Sales,North America,143315,26097,34627,214073,21725,461,117218,82591,57.63,-70758,-33.05,173171.0,-17.24
2024-06-01,2024,6,June,Q2,Sales,North America,180133,20885,15000,135496,11711,420,159248,144248,80.08,44637,32.94,111077.0,62.17
2024-06-01,2024,6,June,Q2,Sales,North America,201590,75354,31550,211816,10000,150,126236,94686,46.97,-10226,-4.83,218468.0,-7.73
2024-07-01,2024,7,July,Q3,Sales,North America,134014,25600,34229,168774,34563,184,108414,74185,55.36,-34760,-20.6,123237.0,8.74
2024-07-01,2024,7,July,Q3,Sales,North America,80000,50334,37576,177445,25259,477,29666,-7910,-9.89,-97445,-54.92,236292.0,-66.14
2024-08-01,2024,8,August,Q3,Sales,North America,211684,37949,45512,175227,32955,332,173735,128223,60.57,36457,20.81,125771.0,68.31
2024-08-01,2024,8,August,Q3,Sales,North America,173701,41294,30290,247438,18788,329,132407,102117,58.79,-73737,-29.8,96114.0,80.72
2024-08-01,2024,8,August,Q3,Sales,North America,181134,39624,46958,157398,26257,407,141510,94552,52.2,23736,15.08,171466.0,5.64
2024-09-01,2024,9,September,Q3,Sales,North America,146692,26832,23613,167735,31717,205,119860,96247,65.61,-21043,-12.55,139966.0,4.81
2024-09-01,2024,9,September,Q3,Sales,North America,173283,53766,27696,156226,33575,212,119517,91821,52.99,17057,10.92,211138.0,-17.93
2024-09-01,2024,9,September,Q3,Sales,North America,111622,21536,22321,213022,27788,142,90086,67765,60.71,-101400,-47.6,108207.0,3.16
2024-11-01,2024,11,November,Q4,Sales,North America,145993,50215,53196,119743,10750,56,95778,42582,29.17,26250,21.92,105871.0,37.9
2024-11-01,2024,11,November,Q4,Sales,North America,186543,55190,38093,283508,34387,408,131353,93260,49.99,-96965,-34.2,143315.0,30.16
2024-11-01,2024,11,November,Q4,Sales,North America,138746,51930,18974,190395,18909,205,86816,67842,48.9,-51649,-27.13,180133.0,-22.98
2024-12-01,2024,12,December,Q4,Sales,North America,109367,39240,30062,181258,31744,415,70127,40065,36.63,-71891,-39.66,201590.0,-45.75
2024-12-01,2024,12,December,Q4,Sales,North America,135318,42252,40390,176246,28341,58,93066,52676,38.93,-40928,-23.22,134014.0,0.97
2025-01-01,2025,1,January,Q1,Sales,North America,107114,40189,15000,149492,27585,259,66925,51925,48.48,-42378,-28.35,80000.0,33.89
2025-01-01,2025,1,January,Q1,Sales,North America,142684,51592,42322,181272,15443,452,91092,48770,34.18,-38588,-21.29,211684.0,-32.6
2025-01-01,2025,1,January,Q1,Sales,North America,118032,70117,37690,198814,29427,384,47915,10225,8.66,-80782,-40.63,173701.0,-32.05
2025-01-01,2025,1,January,Q1,Sales,North America,130690,44916,43575,177901,24728,385,85774,42199,32.29,-47211,-26.54,181134.0,-27.85
2025-02-01,2025,2,February,Q1,Sales,North America,139905,57736,49366,150647,25010,373,82169,32803,23.45,-10742,-7.13,146692.0,-4.63
2025-02-01,2025,2,February,Q1,Sales,North America,195937,35095,30251,166987,15446,388,160842,130591,66.65,28950,17.34,173283.0,13.07
2025-03-01,2025,3,March,Q1,Sales,North America,136608,63179,26203,170275,23576,428,73429,47226,34.57,-33667,-19.77,111622.0,22.38
2025-03-01,2025,3,March,Q1,Sales,North America,133854,48918,56816,158603,17697,271,84936,28120,21.01,-24749,-15.6,145993.0,-8.31
2025-03-01,2025,3,March,Q1,Sales,North America,206488,24709,36684,113990,33594,274,181779,145095,70.27,92498,81.15,186543.0,10.69
2025-03-01,2025,3,March,Q1,Sales,North America,142514,36962,34320,171214,13897,249,105552,71232,49.98,-28700,-16.76,138746.0,2.72
2025-04-01,2025,4,April,Q2,Sales,North America,135873,52526,40035,173418,17972,285,83347,43312,31.88,-37545,-21.65,109367.0,24.24
2025-04-01,2025,4,April,Q2,Sales,North America,145277,30642,45266,179425,40561,338,114635,69369,47.75,-34148,-19.03,135318.0,7.36
2025-04-01,2025,4,April,Q2,Sales,North America,125687,44270,47847,176387,20218,337,81417,33570,26.71,-50700,-28.74,107114.0,17.34
2025-05-01,2025,5,May,Q2,Sales,North America,134329,22552,31389,206263,31982,425,111777,80388,59.84,-71934,-34.87,142684.0,-5.86
2025-05-01,2025,5,May,Q2,Sales,North America,214615,43748,39667,136045,24364,468,170867,131200,61.13,78570,57.75,118032.0,81.83
2025-05-01,2025,5,May,Q2,Sales,North America,137107,23255,38017,156085,22596,291,113852,75835,55.31,-18978,-12.16,130690.0,4.91
2025-05-01,2025,5,May,Q2,Sales,North America,210852,29940,25930,183291,27881,486,180912,154982,73.5,27561,15.04,139905.0,50.71
2025-05-01,2025,5,May,Q2,Sales,North America,189932,48109,47584,136118,20698,359,141823,94239,49.62,53814,39.53,195937.0,-3.06
2025-06-01,2025,6,June,Q2,Sales,North America,161331,57170,35872,164752,36616,351,104161,68289,42.33,-3421,-2.08,136608.0,18.1
2025-06-01,2025,6,June,Q2,Sales,North America,173467,57281,33929,151636,20228,188,116186,82257,47.42,21831,14.4,133854.0,29.59
2025-07-01,2025,7,July,Q3,Sales,North America,111018,39988,24240,204864,16361,432,71030,46790,42.15,-93846,-45.81,206488.0,-46.24
2025-07-01,2025,7,July,Q3,Sales,North America,183896,42384,30502,118307,10000,415,141512,111010,60.37,65589,55.44,142514.0,29.04
2025-08-01,2025,8,August,Q3,Sales,North America,181997,55230,22973,156243,25446,362,126767,103794,57.03,25754,16.48,135873.0,33.95
2025-08-01,2025,8,August,Q3,Sales,North America,107287,48591,28983,194869,10000,441,58696,29713,27.69,-87582,-44.94,145277.0,-26.15
2025-08-01,2025,8,August,Q3,Sales,North America,189007,33550,20638,216390,19662,226,155457,134819,71.33,-27383,-12.65,125687.0,50.38
2025-09-01,2025,9,September,Q3,Sales,North America,190041,41860,56955,144213,28402,60,148181,91226,48.0,45828,31.78,134329.0,41.47
2025-09-01,2025,9,September,Q3,Sales,North America,188114,66798,15000,189191,15237,361,121316,106316,56.52,-1077,-0.57,214615.0,-12.35
2025-09-01,2025,9,September,Q3,Sales,North America,202596,55393,40247,167920,10000,434,147203,106956,52.79,34676,20.65,137107.0,47.76
2025-09-01,2025,9,September,Q3,Sales,North America,153017,74887,37667,157875,23194,437,78130,40463,26.44,-4858,-3.08,210852.0,-27.43
2025-10-01,2025,10,October,Q4,Sales,North America,154928,45380,45804,128722,12066,229,109548,63744,41.14,26206,20.36,189932.0,-18.43
2025-10-01,2025,10,October,Q4,Sales,North America,89811,40030,51446,149105,20475,142,49781,-1665,-1.85,-59294,-39.77,161331.0,-44.33
2025-10-01,2025,10,October,Q4,Sales,North America,91697,32618,23145,201971,23738,445,59079,35934,39.19,-110274,-54.6,173467.0,-47.14
2025-11-01,2025,11,November,Q4,Sales,North America,203618,25163,34531,125233,25284,280,178455,143924,70.68,78385,62.59,111018.0,83.41
2025-11-01,2025,11,November,Q4,Sales,North America,193040,41553,37216,209089,31891,488,151487,114271,59.2,-16049,-7.68,183896.0,4.97
2025-11-01,2025,11,November,Q4,Sales,North America,150852,32228,46254,176524,27010,424,118624,72370,47.97,-25672,-14.54,181997.0,-17.11
2025-11-01,2025,11,November,Q4,Sales,North America,226047,47628,35149,144392,23149,341,178419,143270,63.38,81655,56.55,107287.0,110.69
2025-11-01,2025,11,November,Q4,Sales,North America,80000,58827,32926,148712,16703,194,21173,-11753,-14.69,-68712,-46.2,189007.0,-57.67
2025-11-01,2025,11,November,Q4,Sales,North America,86634,52240,44263,182709,30322,179,34394,-9869,-11.39,-96075,-52.58,190041.0,-54.41
2025-12-01,2025,12,December,Q4,Sales,North America,86752,75848,37747,240534,13451,142,10904,-26843,-30.94,-153782,-63.93,188114.0,-53.88
2025-12-01,2025,12,December,Q4,Sales,North America,130677,52104,42238,156098,24338,333,78573,36335,27.81,-25421,-16.29,202596.0,-35.5
2025-12-01,2025,12,December,Q4,Sales,North America,139258,38739,39411,182448,23473,272,100519,61108,43.88,-43190,-23.67,153017.0,-8.99
2025-12-01,2025,12,December,Q4,Sales,North America,141005,41744,24144,280321,30330,72,99261,75117,53.27,-139316,-49.7,154928.0,-8.99
2023-01-01,2023,1,January,Q1,Sales,South America,125049,43521,47256,178100,40387,405,81528,34272,27.41,-53051,-29.79,0.0,0.0
2023-02-01,2023,2,February,Q1,Sales,South America,197578,65886,52570,228673,21153,210,131692,79122,40.05,-31095,-13.6,0.0,0.0
2023-03-01,2023,3,March,Q1,Sales,South America,190392,65935,15000,184575,32653,70,124457,109457,57.49,5817,3.15,0.0,0.0
2023-04-01,2023,4,April,Q2,Sales,South America,147496,43355,34921,190092,26558,372,104141,69220,46.93,-42596,-22.41,0.0,0.0
2023-05-01,2023,5,May,Q2,Sales,South America,132823,56218,32383,110942,19414,295,76605,44222,33.29,21881,19.72,0.0,0.0
2023-07-01,2023,7,July,Q3,Sales,South America,141856,49283,31375,189941,23901,360,92573,61198,43.14,-48085,-25.32,0.0,0.0
2023-08-01,2023,8,August,Q3,Sales,South America,166760,59212,19253,177273,27703,447,107548,88295,52.95,-10513,-5.93,0.0,0.0
2023-09-01,2023,9,September,Q3,Sales,South America,96750,48199,35044,130064,31350,458,48551,13507,13.96,-33314,-25.61,0.0,0.0
2023-12-01,2023,12,December,Q4,Sales,South America,136516,32711,31581,237730,29466,286,103805,72224,52.91,-101214,-42.58,0.0,0.0
2023-12-01,2023,12,December,Q4,Sales,South America,150121,42939,27202,148044,31758,351,107182,79980,53.28,2077,1.4,0.0,0.0
2024-01-01,2024,1,January,Q1,Sales,South America,157334,38247,38613,92411,24374,74,119087,80474,51.15,64923,70.25,0.0,0.0
2024-03-01,2024,3,March,Q1,Sales,South America,168398,36838,15000,151399,23942,464,131560,116560,69.22,16999,11.23,0.0,0.0
2024-03-01,2024,3,March,Q1,Sales,South America,178758,41056,20986,211810,32784,437,137702,116716,65.29,-33052,-15.6,125049.0,42.95
2024-04-01,2024,4,April,Q2,Sales,South America,203127,51577,28420,159588,29068,420,151550,123130,60.62,43539,27.28,197578.0,2.81
2024-04-01,2024,4,April,Q2,Sales,South America,124259,39689,49615,125547,34652,172,84570,34955,28.13,-1288,-1.03,190392.0,-34.74
2024-05-01,2024,5,May,Q2,Sales,South America,140052,39372,23761,135931,15980,344,100680,76919,54.92,4121,3.03,147496.0,-5.05
2024-05-01,2024,5,May,Q2,Sales,South America,169638,64224,38506,181765,26235,70,105414,66908,39.44,-12127,-6.67,132823.0,27.72
2024-06-01,2024,6,June,Q2,Sales,South America,199531,41489,30379,122764,38595,355,158042,127663,63.98,76767,62.53,141856.0,40.66
2024-06-01,2024,6,June,Q2,Sales,South America,165786,41000,21439,196741,12342,144,124786,103347,62.34,-30955,-15.73,166760.0,-0.58
2024-07-01,2024,7,July,Q3,Sales,South America,125608,51932,39301,147799,25379,255,73676,34375,27.37,-22191,-15.01,96750.0,29.83
2024-08-01,2024,8,August,Q3,Sales,South America,131870,64819,21227,125974,21765,263,67051,45824,34.75,5896,4.68,136516.0,-3.4
2024-09-01,2024,9,September,Q3,Sales,South America,104332,34730,49471,206031,29119,93,69602,20131,19.3,-101699,-49.36,150121.0,-30.5
2024-09-01,2024,9,September,Q3,Sales,South America,135111,69258,49676,191108,23998,91,65853,16177,11.97,-55997,-29.3,157334.0,-14.12
2024-10-01,2024,10,October,Q4,Sales,South America,144095,44818,58847,207007,10000,167,99277,40430,28.06,-62912,-30.39,168398.0,-14.43
2024-10-01,2024,10,October,Q4,Sales,South America,170544,58303,50164,149988,27096,437,112241,62077,36.4,20556,13.71,178758.0,-4.6
2024-12-01,2024,12,December,Q4,Sales,South America,99828,59682,50909,141013,21019,299,40146,-10763,-10.78,-41185,-29.21,203127.0,-50.85
2024-12-01,2024,12,December,Q4,Sales,South America,95736,32876,18234,175077,27372,132,62860,44626,46.61,-79341,-45.32,124259.0,-22.95
2025-02-01,2025,2,February,Q1,Sales,South America,224931,20000,16826,186252,23287,154,204931,188105,83.63,38679,20.77,140052.0,60.61
2025-03-01,2025,3,March,Q1,Sales,South America,152714,55402,37703,176337,30262,359,97312,59609,39.03,-23623,-13.4,169638.0,-9.98
2025-08-01,2025,8,August,Q3,Sales,South America,141061,31257,23651,194250,25542,170,109804,86153,61.07,-53189,-27.38,199531.0,-29.3
2025-08-01,2025,8,August,Q3,Sales,South America,196475,26435,31030,137010,31174,61,170040,139010,70.75,59465,43.4,165786.0,18.51
2025-08-01,2025,8,August,Q3,Sales,South America,112905,58037,25637,226517,27850,443,54868,29231,25.89,-113612,-50.16,125608.0,-10.11
2025-09-01,2025,9,September,Q3,Sales,South America,215598,35912,37222,234942,31511,105,179686,142464,66.08,-19344,-8.23,131870.0,63.49
2025-11-01,2025,11,November,Q4,Sales,South America,170349,54102,26202,103862,17399,464,116247,90045,52.86,66487,64.01,104332.0,63.28
